id,prep_lot_id
DISH_PNR_001,PL_PNR_001
DISH_PNR_002,PL_PNR_002
DISH_PNR_003,PL_PNR_003
DISH_PNR_004,PL_PNR_004
DISH_PNR_005,PL_PNR_005
DISH_PNR_006,PL_PNR_006
DISH_PNR_007,PL_PNR_007
DISH_PNR_008,PL_PNR_008
DISH_PNR_009,PL_PNR_009
DISH_PNR_010,PL_PNR_010
DISH_PNR_011,PL_PNR_011
DISH_PNR_012,PL_PNR_012
DISH_PNR_013,PL_PNR_013
DISH_PNR_014,PL_PNR_014
DISH_PNR_015,PL_PNR_015
DISH_PNR_016,PL_PNR_016
DISH_PNR_017,PL_PNR_017
DISH_PNR_018,PL_PNR_018
DISH_PNR_019,PL_PNR_019
DISH_PNR_020,PL_PNR_020
DISH_PNR_021,PL_PNR_021
DISH_PNR_022,PL_PNR_022
DISH_PNR_023,PL_PNR_023
DISH_PNR_024,PL_PNR_024
DISH_PNR_025,PL_PNR_025
DISH_PNR_026,PL_PNR_026
DISH_PNR_027,PL_PNR_027
DISH_PNR_028,PL_PNR_028
DISH_PNR_029,PL_PNR_029
DISH_PNR_030,PL_PNR_030
DISH_PNR_031,PL_PNR_031
DISH_PNR_032,PL_PNR_001
DISH_PNR_033,PL_PNR_002
DISH_PNR_034,PL_PNR_003
DISH_PNR_035,PL_PNR_004
DISH_PNR_036,PL_PNR_005
DISH_PNR_037,PL_PNR_006
DISH_PNR_038,PL_PNR_007
DISH_PNR_039,PL_PNR_008
DISH_PNR_040,PL_PNR_009
DISH_PNR_041,PL_PNR_010
DISH_PNR_042,PL_PNR_011
DISH_PNR_043,PL_PNR_012
DISH_PNR_044,PL_PNR_013
DISH_PNR_045,PL_PNR_014
DISH_PNR_046,PL_PNR_015
DISH_PNR_047,PL_PNR_016
DISH_BULK_0001,PL_BULK_1345
DISH_BULK_0002,PL_BULK_0704
DISH_BULK_0003,PL_BULK_1008
DISH_BULK_0004,PL_BULK_0584
DISH_BULK_0005,PL_BULK_0318
DISH_BULK_0006,PL_BULK_1316
DISH_BULK_0007,PL_BULK_1113
DISH_BULK_0008,PL_BULK_0340
DISH_BULK_0009,PL_BULK_0571
DISH_BULK_0010,PL_BULK_0169
DISH_BULK_0011,PL_BULK_0934
DISH_BULK_0012,PL_BULK_0232
DISH_BULK_0013,PL_BULK_0499
DISH_BULK_0014,PL_BULK_1455
DISH_BULK_0015,PL_BULK_1114
DISH_BULK_0016,PL_BULK_0344
DISH_BULK_0017,PL_BULK_1362
DISH_BULK_0018,PL_BULK_0657
DISH_BULK_0019,PL_BULK_1310
DISH_BULK_0020,PL_BULK_0152
DISH_BULK_0021,PL_BULK_0425
DISH_BULK_0022,PL_BULK_0697
DISH_BULK_0023,PL_BULK_0427
DISH_BULK_0024,PL_BULK_0598
DISH_BULK_0025,PL_BULK_0831
DISH_BULK_0026,PL_BULK_0648
DISH_BULK_0027,PL_BULK_0731
DISH_BULK_0028,PL_BULK_0503
DISH_BULK_0029,PL_BULK_1169
DISH_BULK_0030,PL_BULK_0572
DISH_BULK_0031,PL_BULK_0919
DISH_BULK_0032,PL_BULK_0211
DISH_BULK_0033,PL_BULK_0933
DISH_BULK_0034,PL_BULK_0079
DISH_BULK_0035,PL_BULK_1269
DISH_BULK_0036,PL_BULK_1165
DISH_BULK_0037,PL_BULK_1158
DISH_BULK_0038,PL_BULK_1241
DISH_BULK_0039,PL_BULK_0115
DISH_BULK_0040,PL_BULK_0937
DISH_BULK_0041,PL_BULK_0368
DISH_BULK_0042,PL_BULK_0994
DISH_BULK_0043,PL_BULK_0215
DISH_BULK_0044,PL_BULK_1364
DISH_BULK_0045,PL_BULK_0751
DISH_BULK_0046,PL_BULK_1055
DISH_BULK_0047,PL_BULK_0581
DISH_BULK_0048,PL_BULK_0816
DISH_BULK_0049,PL_BULK_0080
DISH_BULK_0050,PL_BULK_0278
DISH_BULK_0051,PL_BULK_0251
DISH_BULK_0052,PL_BULK_0380
DISH_BULK_0053,PL_BULK_0671
DISH_BULK_0054,PL_BULK_0808
DISH_BULK_0055,PL_BULK_1136
DISH_BULK_0056,PL_BULK_0907
DISH_BULK_0057,PL_BULK_0263
DISH_BULK_0058,PL_BULK_0617
DISH_BULK_0059,PL_BULK_1435
DISH_BULK_0060,PL_BULK_0339
DISH_BULK_0061,PL_BULK_0135
DISH_BULK_0062,PL_BULK_0968
DISH_BULK_0063,PL_BULK_0651
DISH_BULK_0064,PL_BULK_1262
DISH_BULK_0065,PL_BULK_0332
DISH_BULK_0066,PL_BULK_0611
DISH_BULK_0067,PL_BULK_1269
DISH_BULK_0068,PL_BULK_0088
DISH_BULK_0069,PL_PNR_010
DISH_BULK_0070,PL_BULK_0895
DISH_BULK_0071,PL_BULK_0530
DISH_BULK_0072,PL_BULK_0398
DISH_BULK_0073,PL_BULK_0315
DISH_BULK_0074,PL_BULK_1150
DISH_BULK_0075,PL_BULK_0294
DISH_BULK_0076,PL_BULK_0972
DISH_BULK_0077,PL_BULK_0150
DISH_BULK_0078,PL_BULK_0235
DISH_BULK_0079,PL_BULK_1228
DISH_BULK_0080,PL_BULK_0858
DISH_BULK_0081,PL_BULK_1267
DISH_BULK_0082,PL_BULK_0849
DISH_BULK_0083,PL_BULK_0796
DISH_BULK_0084,PL_BULK_0848
DISH_BULK_0085,PL_BULK_0947
DISH_BULK_0086,PL_BULK_0755
DISH_BULK_0087,PL_PNR_010
DISH_BULK_0088,PL_BULK_0047
DISH_BULK_0089,PL_BULK_1063
DISH_BULK_0090,PL_BULK_0378
DISH_BULK_0091,PL_BULK_1466
DISH_BULK_0092,PL_BULK_0734
DISH_BULK_0093,PL_PNR_029
DISH_BULK_0094,PL_BULK_0629
DISH_BULK_0095,PL_BULK_1057
DISH_BULK_0096,PL_BULK_0360
DISH_BULK_0097,PL_BULK_0006
DISH_BULK_0098,PL_BULK_1355
DISH_BULK_0099,PL_PNR_009
DISH_BULK_0100,PL_BULK_1253
DISH_BULK_0101,PL_BULK_0479
DISH_BULK_0102,PL_BULK_0433
DISH_BULK_0103,PL_BULK_1390
DISH_BULK_0104,PL_BULK_0675
DISH_BULK_0105,PL_BULK_0609
DISH_BULK_0106,PL_BULK_0234
DISH_BULK_0107,PL_BULK_0180
DISH_BULK_0108,PL_BULK_0755
DISH_BULK_0109,PL_BULK_1000
DISH_BULK_0110,PL_BULK_1175
DISH_BULK_0111,PL_BULK_0596
DISH_BULK_0112,PL_BULK_0312
DISH_BULK_0113,PL_BULK_0103
DISH_BULK_0114,PL_BULK_0063
DISH_BULK_0115,PL_BULK_0580
DISH_BULK_0116,PL_BULK_0565
DISH_BULK_0117,PL_BULK_0903
DISH_BULK_0118,PL_BULK_1460
DISH_BULK_0119,PL_BULK_1035
DISH_BULK_0120,PL_BULK_1191
DISH_BULK_0121,PL_BULK_1043
DISH_BULK_0122,PL_BULK_0661
DISH_BULK_0123,PL_BULK_0858
DISH_BULK_0124,PL_BULK_1376
DISH_BULK_0125,PL_BULK_0244
DISH_BULK_0126,PL_BULK_0671
DISH_BULK_0127,PL_BULK_0973
DISH_BULK_0128,PL_BULK_0705
DISH_BULK_0129,PL_BULK_0355
DISH_BULK_0130,PL_BULK_0307
DISH_BULK_0131,PL_BULK_0796
DISH_BULK_0132,PL_BULK_0009
DISH_BULK_0133,PL_BULK_0437
DISH_BULK_0134,PL_BULK_0429
DISH_BULK_0135,PL_BULK_1459
DISH_BULK_0136,PL_BULK_0238
DISH_BULK_0137,PL_BULK_0402
DISH_BULK_0138,PL_BULK_0014
DISH_BULK_0139,PL_BULK_1177
DISH_BULK_0140,PL_BULK_1003
DISH_BULK_0141,PL_BULK_0316
DISH_BULK_0142,PL_BULK_0222
DISH_BULK_0143,PL_BULK_0720
DISH_BULK_0144,PL_BULK_1426
DISH_BULK_0145,PL_BULK_1302
DISH_BULK_0146,PL_BULK_0046
DISH_BULK_0147,PL_BULK_0738
DISH_BULK_0148,PL_BULK_1281
DISH_BULK_0149,PL_BULK_0493
DISH_BULK_0150,PL_BULK_1065
DISH_BULK_0151,PL_BULK_1246
DISH_BULK_0152,PL_BULK_0069
DISH_BULK_0153,PL_BULK_1186
DISH_BULK_0154,PL_BULK_0068
DISH_BULK_0155,PL_BULK_1325
DISH_BULK_0156,PL_BULK_0191
DISH_BULK_0157,PL_BULK_1308
DISH_BULK_0158,PL_BULK_0010
DISH_BULK_0159,PL_BULK_0068
DISH_BULK_0160,PL_BULK_1382
DISH_BULK_0161,PL_BULK_0207
DISH_BULK_0162,PL_BULK_0823
DISH_BULK_0163,PL_BULK_0879
DISH_BULK_0164,PL_BULK_0748
DISH_BULK_0165,PL_BULK_0223
DISH_BULK_0166,PL_BULK_1090
DISH_BULK_0167,PL_BULK_0487
DISH_BULK_0168,PL_BULK_0941
DISH_BULK_0169,PL_BULK_1407
DISH_BULK_0170,PL_BULK_0283
DISH_BULK_0171,PL_BULK_0390
DISH_BULK_0172,PL_BULK_1393
DISH_BULK_0173,PL_BULK_1374
DISH_BULK_0174,PL_BULK_1260
DISH_BULK_0175,PL_PNR_020
DISH_BULK_0176,PL_BULK_0586
DISH_BULK_0177,PL_BULK_0831
DISH_BULK_0178,PL_BULK_1325
DISH_BULK_0179,PL_BULK_0176
DISH_BULK_0180,PL_BULK_1326
DISH_BULK_0181,PL_BULK_1035
DISH_BULK_0182,PL_BULK_0522
DISH_BULK_0183,PL_BULK_1245
DISH_BULK_0184,PL_BULK_1210
DISH_BULK_0185,PL_BULK_1405
DISH_BULK_0186,PL_BULK_0250
DISH_BULK_0187,PL_BULK_0827
DISH_BULK_0188,PL_BULK_0184
DISH_BULK_0189,PL_BULK_1017
DISH_BULK_0190,PL_BULK_1442
DISH_BULK_0191,PL_BULK_1235
DISH_BULK_0192,PL_BULK_0211
DISH_BULK_0193,PL_BULK_0548
DISH_BULK_0194,PL_BULK_0203
DISH_BULK_0195,PL_BULK_0187
DISH_BULK_0196,PL_BULK_0989
DISH_BULK_0197,PL_BULK_0376
DISH_BULK_0198,PL_BULK_1217
DISH_BULK_0199,PL_BULK_0379
DISH_BULK_0200,PL_BULK_0508
DISH_BULK_0201,PL_BULK_1041
DISH_BULK_0202,PL_BULK_0383
DISH_BULK_0203,PL_BULK_0703
DISH_BULK_0204,PL_BULK_1410
DISH_BULK_0205,PL_BULK_0809
DISH_BULK_0206,PL_BULK_0574
DISH_BULK_0207,PL_BULK_0298
DISH_BULK_0208,PL_BULK_0050
DISH_BULK_0209,PL_BULK_1092
DISH_BULK_0210,PL_BULK_0986
DISH_BULK_0211,PL_BULK_0395
DISH_BULK_0212,PL_BULK_1379
DISH_BULK_0213,PL_BULK_0954
DISH_BULK_0214,PL_BULK_0647
DISH_BULK_0215,PL_BULK_0450
DISH_BULK_0216,PL_PNR_006
DISH_BULK_0217,PL_PNR_027
DISH_BULK_0218,PL_BULK_1345
DISH_BULK_0219,PL_BULK_0152
DISH_BULK_0220,PL_BULK_0196
DISH_BULK_0221,PL_BULK_1145
DISH_BULK_0222,PL_BULK_1340
DISH_BULK_0223,PL_BULK_0981
DISH_BULK_0224,PL_BULK_0275
DISH_BULK_0225,PL_BULK_0154
DISH_BULK_0226,PL_BULK_1017
DISH_BULK_0227,PL_BULK_0123
DISH_BULK_0228,PL_BULK_1451
DISH_BULK_0229,PL_BULK_1451
DISH_BULK_0230,PL_BULK_0177
DISH_BULK_0231,PL_BULK_0494
DISH_BULK_0232,PL_BULK_1289
DISH_BULK_0233,PL_BULK_0443
DISH_BULK_0234,PL_BULK_0905
DISH_BULK_0235,PL_BULK_0576
DISH_BULK_0236,PL_BULK_0510
DISH_BULK_0237,PL_BULK_0920
DISH_BULK_0238,PL_BULK_0072
DISH_BULK_0239,PL_BULK_0174
DISH_BULK_0240,PL_BULK_0327
DISH_BULK_0241,PL_BULK_0050
DISH_BULK_0242,PL_BULK_0565
DISH_BULK_0243,PL_BULK_0707
DISH_BULK_0244,PL_BULK_1356
DISH_BULK_0245,PL_BULK_0610
DISH_BULK_0246,PL_BULK_0842
DISH_BULK_0247,PL_BULK_0207
DISH_BULK_0248,PL_BULK_0164
DISH_BULK_0249,PL_BULK_0063
DISH_BULK_0250,PL_PNR_020
DISH_BULK_0251,PL_BULK_0253
DISH_BULK_0252,PL_BULK_1328
DISH_BULK_0253,PL_BULK_1295
DISH_BULK_0254,PL_BULK_0319
DISH_BULK_0255,PL_BULK_0643
DISH_BULK_0256,PL_BULK_0702
DISH_BULK_0257,PL_BULK_0866
DISH_BULK_0258,PL_BULK_1243
DISH_BULK_0259,PL_BULK_0519
DISH_BULK_0260,PL_BULK_0160
DISH_BULK_0261,PL_BULK_0733
DISH_BULK_0262,PL_BULK_0671
DISH_BULK_0263,PL_BULK_0344
DISH_BULK_0264,PL_BULK_0203
DISH_BULK_0265,PL_BULK_0790
DISH_BULK_0266,PL_BULK_0789
DISH_BULK_0267,PL_BULK_0904
DISH_BULK_0268,PL_BULK_0526
DISH_BULK_0269,PL_BULK_0759
DISH_BULK_0270,PL_BULK_1382
DISH_BULK_0271,PL_BULK_0949
DISH_BULK_0272,PL_BULK_0833
DISH_BULK_0273,PL_BULK_1298
DISH_BULK_0274,PL_BULK_0311
DISH_BULK_0275,PL_BULK_0201
DISH_BULK_0276,PL_BULK_0241
DISH_BULK_0277,PL_BULK_1395
DISH_BULK_0278,PL_BULK_1457
DISH_BULK_0279,PL_BULK_0090
DISH_BULK_0280,PL_BULK_0296
DISH_BULK_0281,PL_BULK_0182
DISH_BULK_0282,PL_BULK_0822
DISH_BULK_0283,PL_BULK_1179
DISH_BULK_0284,PL_BULK_0958
DISH_BULK_0285,PL_BULK_1135
DISH_BULK_0286,PL_BULK_1359
DISH_BULK_0287,PL_BULK_0867
DISH_BULK_0288,PL_BULK_0341
DISH_BULK_0289,PL_BULK_1221
DISH_BULK_0290,PL_BULK_0747
DISH_BULK_0291,PL_BULK_0704
DISH_BULK_0292,PL_BULK_1222
DISH_BULK_0293,PL_BULK_0029
DISH_BULK_0294,PL_BULK_1371
DISH_BULK_0295,PL_BULK_1459
DISH_BULK_0296,PL_BULK_0237
DISH_BULK_0297,PL_BULK_0959
DISH_BULK_0298,PL_BULK_0969
DISH_BULK_0299,PL_BULK_0201
DISH_BULK_0300,PL_BULK_0812
DISH_BULK_0301,PL_BULK_0872
DISH_BULK_0302,PL_BULK_0064
DISH_BULK_0303,PL_BULK_0099
DISH_BULK_0304,PL_BULK_0505
DISH_BULK_0305,PL_BULK_1311
DISH_BULK_0306,PL_BULK_0613
DISH_BULK_0307,PL_PNR_026
DISH_BULK_0308,PL_BULK_1412
DISH_BULK_0309,PL_BULK_1358
DISH_BULK_0310,PL_BULK_1044
DISH_BULK_0311,PL_BULK_1150
DISH_BULK_0312,PL_BULK_1452
DISH_BULK_0313,PL_BULK_1127
DISH_BULK_0314,PL_BULK_0428
DISH_BULK_0315,PL_BULK_1341
DISH_BULK_0316,PL_BULK_0662
DISH_BULK_0317,PL_BULK_1033
DISH_BULK_0318,PL_BULK_1041
DISH_BULK_0319,PL_BULK_1379
DISH_BULK_0320,PL_BULK_1404
DISH_BULK_0321,PL_BULK_1236
DISH_BULK_0322,PL_BULK_0165
DISH_BULK_0323,PL_BULK_0856
DISH_BULK_0324,PL_BULK_1325
DISH_BULK_0325,PL_BULK_1458
DISH_BULK_0326,PL_BULK_0479
DISH_BULK_0327,PL_BULK_0956
DISH_BULK_0328,PL_BULK_0678
DISH_BULK_0329,PL_BULK_1329
DISH_BULK_0330,PL_BULK_1355
DISH_BULK_0331,PL_BULK_1283
DISH_BULK_0332,PL_BULK_0758
DISH_BULK_0333,PL_BULK_0274
DISH_BULK_0334,PL_BULK_1113
DISH_BULK_0335,PL_BULK_1225
DISH_BULK_0336,PL_BULK_0081
DISH_BULK_0337,PL_PNR_024
DISH_BULK_0338,PL_BULK_1287
DISH_BULK_0339,PL_BULK_0291
DISH_BULK_0340,PL_BULK_1005
DISH_BULK_0341,PL_BULK_0931
DISH_BULK_0342,PL_BULK_0985
DISH_BULK_0343,PL_BULK_0308
DISH_BULK_0344,PL_BULK_0123
DISH_BULK_0345,PL_BULK_0976
DISH_BULK_0346,PL_BULK_0626
DISH_BULK_0347,PL_BULK_0463
DISH_BULK_0348,PL_BULK_0647
DISH_BULK_0349,PL_BULK_0539
DISH_BULK_0350,PL_BULK_0073
DISH_BULK_0351,PL_BULK_1008
DISH_BULK_0352,PL_BULK_0426
DISH_BULK_0353,PL_BULK_1097
DISH_BULK_0354,PL_BULK_1287
DISH_BULK_0355,PL_BULK_0745
DISH_BULK_0356,PL_BULK_0795
DISH_BULK_0357,PL_BULK_0451
DISH_BULK_0358,PL_BULK_0131
DISH_BULK_0359,PL_BULK_0910
DISH_BULK_0360,PL_BULK_0879
DISH_BULK_0361,PL_BULK_1143
DISH_BULK_0362,PL_BULK_0887
DISH_BULK_0363,PL_BULK_0150
DISH_BULK_0364,PL_BULK_0990
DISH_BULK_0365,PL_BULK_0885
DISH_BULK_0366,PL_BULK_0617
DISH_BULK_0367,PL_BULK_0213
DISH_BULK_0368,PL_BULK_0988
DISH_BULK_0369,PL_BULK_1308
DISH_BULK_0370,PL_BULK_0006
DISH_BULK_0371,PL_BULK_0180
DISH_BULK_0372,PL_BULK_0796
DISH_BULK_0373,PL_BULK_0814
DISH_BULK_0374,PL_BULK_0043
DISH_BULK_0375,PL_BULK_1111
DISH_BULK_0376,PL_BULK_1094
DISH_BULK_0377,PL_PNR_001
DISH_BULK_0378,PL_BULK_0156
DISH_BULK_0379,PL_BULK_1207
DISH_BULK_0380,PL_BULK_1237
DISH_BULK_0381,PL_BULK_1275
DISH_BULK_0382,PL_BULK_0593
DISH_BULK_0383,PL_BULK_1011
DISH_BULK_0384,PL_BULK_1121
DISH_BULK_0385,PL_BULK_0393
DISH_BULK_0386,PL_BULK_1310
DISH_BULK_0387,PL_BULK_1345
DISH_BULK_0388,PL_BULK_0904
DISH_BULK_0389,PL_BULK_0668
DISH_BULK_0390,PL_BULK_0714
DISH_BULK_0391,PL_BULK_0081
DISH_BULK_0392,PL_BULK_0426
DISH_BULK_0393,PL_BULK_0900
DISH_BULK_0394,PL_BULK_0649
DISH_BULK_0395,PL_BULK_1117
DISH_BULK_0396,PL_BULK_1239
DISH_BULK_0397,PL_BULK_1198
DISH_BULK_0398,PL_BULK_0938
DISH_BULK_0399,PL_BULK_1437
DISH_BULK_0400,PL_BULK_1315
DISH_BULK_0401,PL_BULK_0714
DISH_BULK_0402,PL_BULK_1436
DISH_BULK_0403,PL_BULK_0896
DISH_BULK_0404,PL_BULK_0203
DISH_BULK_0405,PL_BULK_0169
DISH_BULK_0406,PL_BULK_1319
DISH_BULK_0407,PL_BULK_0424
DISH_BULK_0408,PL_PNR_005
DISH_BULK_0409,PL_BULK_0669
DISH_BULK_0410,PL_BULK_0697
DISH_BULK_0411,PL_BULK_1267
DISH_BULK_0412,PL_BULK_0567
DISH_BULK_0413,PL_BULK_1091
DISH_BULK_0414,PL_BULK_1039
DISH_BULK_0415,PL_BULK_0735
DISH_BULK_0416,PL_BULK_1407
DISH_BULK_0417,PL_BULK_0187
DISH_BULK_0418,PL_BULK_0063
DISH_BULK_0419,PL_BULK_0306
DISH_BULK_0420,PL_BULK_0978
DISH_BULK_0421,PL_BULK_0257
DISH_BULK_0422,PL_BULK_1438
DISH_BULK_0423,PL_BULK_1447
DISH_BULK_0424,PL_BULK_0808
DISH_BULK_0425,PL_BULK_0189
DISH_BULK_0426,PL_BULK_0490
DISH_BULK_0427,PL_BULK_1221
DISH_BULK_0428,PL_BULK_0371
DISH_BULK_0429,PL_BULK_0354
DISH_BULK_0430,PL_BULK_0217
DISH_BULK_0431,PL_BULK_0774
DISH_BULK_0432,PL_BULK_0411
DISH_BULK_0433,PL_BULK_0906
DISH_BULK_0434,PL_BULK_0360
DISH_BULK_0435,PL_BULK_1437
DISH_BULK_0436,PL_BULK_0662
DISH_BULK_0437,PL_BULK_0190
DISH_BULK_0438,PL_BULK_0818
DISH_BULK_0439,PL_BULK_0065
DISH_BULK_0440,PL_BULK_1266
DISH_BULK_0441,PL_BULK_1346
DISH_BULK_0442,PL_BULK_1175
DISH_BULK_0443,PL_BULK_0222
DISH_BULK_0444,PL_BULK_0892
DISH_BULK_0445,PL_BULK_0906
DISH_BULK_0446,PL_BULK_1318
DISH_BULK_0447,PL_BULK_1176
DISH_BULK_0448,PL_BULK_1002
DISH_BULK_0449,PL_BULK_0245
DISH_BULK_0450,PL_BULK_0991
DISH_BULK_0451,PL_PNR_009
DISH_BULK_0452,PL_BULK_1056
DISH_BULK_0453,PL_BULK_0069
DISH_BULK_0454,PL_BULK_1103
DISH_BULK_0455,PL_BULK_0856
DISH_BULK_0456,PL_BULK_1168
DISH_BULK_0457,PL_BULK_0959
DISH_BULK_0458,PL_BULK_1011
DISH_BULK_0459,PL_BULK_0332
DISH_BULK_0460,PL_BULK_1386
DISH_BULK_0461,PL_BULK_1154
DISH_BULK_0462,PL_BULK_0325
DISH_BULK_0463,PL_BULK_1466
DISH_BULK_0464,PL_BULK_0232
DISH_BULK_0465,PL_BULK_0182
DISH_BULK_0466,PL_BULK_0763
DISH_BULK_0467,PL_BULK_1316
DISH_BULK_0468,PL_BULK_1199
DISH_BULK_0469,PL_BULK_1211
DISH_BULK_0470,PL_BULK_0629
DISH_BULK_0471,PL_BULK_1002
DISH_BULK_0472,PL_BULK_0757
DISH_BULK_0473,PL_BULK_0827
DISH_BULK_0474,PL_BULK_1217
DISH_BULK_0475,PL_BULK_1388
DISH_BULK_0476,PL_BULK_0478
DISH_BULK_0477,PL_BULK_0530
DISH_BULK_0478,PL_BULK_0784
DISH_BULK_0479,PL_BULK_0672
DISH_BULK_0480,PL_BULK_0572
DISH_BULK_0481,PL_BULK_0897
DISH_BULK_0482,PL_BULK_0243
DISH_BULK_0483,PL_BULK_0252
DISH_BULK_0484,PL_BULK_0815
DISH_BULK_0485,PL_BULK_1203
DISH_BULK_0486,PL_BULK_1403
DISH_BULK_0487,PL_BULK_1019
DISH_BULK_0488,PL_BULK_0582
DISH_BULK_0489,PL_BULK_1406
DISH_BULK_0490,PL_BULK_1091
DISH_BULK_0491,PL_BULK_0612
DISH_BULK_0492,PL_BULK_1427
DISH_BULK_0493,PL_BULK_1103
DISH_BULK_0494,PL_BULK_1265
DISH_BULK_0495,PL_BULK_0415
DISH_BULK_0496,PL_BULK_0381
DISH_BULK_0497,PL_BULK_0399
DISH_BULK_0498,PL_BULK_1248
DISH_BULK_0499,PL_BULK_1433
DISH_BULK_0500,PL_BULK_0565
DISH_BULK_0501,PL_BULK_1376
DISH_BULK_0502,PL_BULK_0677
DISH_BULK_0503,PL_BULK_1347
DISH_BULK_0504,PL_BULK_0241
DISH_BULK_0505,PL_BULK_1424
DISH_BULK_0506,PL_BULK_1301
DISH_BULK_0507,PL_BULK_0334
DISH_BULK_0508,PL_BULK_1001
DISH_BULK_0509,PL_BULK_1081
DISH_BULK_0510,PL_BULK_1391
DISH_BULK_0511,PL_BULK_1274
DISH_BULK_0512,PL_BULK_0630
DISH_BULK_0513,PL_BULK_1424
DISH_BULK_0514,PL_BULK_0206
DISH_BULK_0515,PL_BULK_0691
DISH_BULK_0516,PL_BULK_1121
DISH_BULK_0517,PL_BULK_0953
DISH_BULK_0518,PL_BULK_1163
DISH_BULK_0519,PL_BULK_1138
DISH_BULK_0520,PL_BULK_1336
DISH_BULK_0521,PL_BULK_1424
DISH_BULK_0522,PL_BULK_0824
DISH_BULK_0523,PL_BULK_1350
DISH_BULK_0524,PL_BULK_1063
DISH_BULK_0525,PL_BULK_0555
DISH_BULK_0526,PL_BULK_0835
DISH_BULK_0527,PL_PNR_027
DISH_BULK_0528,PL_BULK_1040
DISH_BULK_0529,PL_BULK_0188
DISH_BULK_0530,PL_BULK_0021
DISH_BULK_0531,PL_BULK_0750
DISH_BULK_0532,PL_BULK_0267
DISH_BULK_0533,PL_BULK_0078
DISH_BULK_0534,PL_BULK_1342
DISH_BULK_0535,PL_BULK_0085
DISH_BULK_0536,PL_BULK_0379
DISH_BULK_0537,PL_BULK_0516
DISH_BULK_0538,PL_BULK_0299
DISH_BULK_0539,PL_BULK_0556
DISH_BULK_0540,PL_BULK_1369
DISH_BULK_0541,PL_BULK_0483
DISH_BULK_0542,PL_BULK_0269
DISH_BULK_0543,PL_BULK_0097
DISH_BULK_0544,PL_BULK_1384
DISH_BULK_0545,PL_BULK_0574
DISH_BULK_0546,PL_BULK_0387
DISH_BULK_0547,PL_BULK_1078
DISH_BULK_0548,PL_BULK_0036
DISH_BULK_0549,PL_BULK_0704
DISH_BULK_0550,PL_BULK_0896
DISH_BULK_0551,PL_BULK_0179
DISH_BULK_0552,PL_BULK_1231
DISH_BULK_0553,PL_BULK_1353
DISH_BULK_0554,PL_BULK_1120
DISH_BULK_0555,PL_BULK_0429
DISH_BULK_0556,PL_BULK_1295
DISH_BULK_0557,PL_BULK_1119
DISH_BULK_0558,PL_BULK_0766
DISH_BULK_0559,PL_BULK_0456
DISH_BULK_0560,PL_BULK_1016
DISH_BULK_0561,PL_BULK_1395
DISH_BULK_0562,PL_BULK_0559
DISH_BULK_0563,PL_BULK_1389
DISH_BULK_0564,PL_BULK_1330
DISH_BULK_0565,PL_BULK_0066
DISH_BULK_0566,PL_BULK_0751
DISH_BULK_0567,PL_BULK_0763
DISH_BULK_0568,PL_BULK_0823
DISH_BULK_0569,PL_BULK_1373
DISH_BULK_0570,PL_BULK_0610
DISH_BULK_0571,PL_BULK_1100
DISH_BULK_0572,PL_BULK_0080
DISH_BULK_0573,PL_PNR_027
DISH_BULK_0574,PL_BULK_0484
DISH_BULK_0575,PL_BULK_0385
DISH_BULK_0576,PL_BULK_1240
DISH_BULK_0577,PL_BULK_0877
DISH_BULK_0578,PL_BULK_0431
DISH_BULK_0579,PL_BULK_1267
DISH_BULK_0580,PL_BULK_1413
DISH_BULK_0581,PL_BULK_1423
DISH_BULK_0582,PL_BULK_1296
DISH_BULK_0583,PL_BULK_0723
DISH_BULK_0584,PL_BULK_1175
DISH_BULK_0585,PL_BULK_1089
DISH_BULK_0586,PL_BULK_1205
DISH_BULK_0587,PL_BULK_0372
DISH_BULK_0588,PL_BULK_1454
DISH_BULK_0589,PL_BULK_0366
DISH_BULK_0590,PL_BULK_0572
DISH_BULK_0591,PL_BULK_0889
DISH_BULK_0592,PL_BULK_0333
DISH_BULK_0593,PL_BULK_1368
DISH_BULK_0594,PL_BULK_0122
DISH_BULK_0595,PL_BULK_0352
DISH_BULK_0596,PL_BULK_0325
DISH_BULK_0597,PL_BULK_1022
DISH_BULK_0598,PL_BULK_0214
DISH_BULK_0599,PL_BULK_0742
DISH_BULK_0600,PL_BULK_0053
DISH_BULK_0601,PL_BULK_0847
DISH_BULK_0602,PL_BULK_0541
DISH_BULK_0603,PL_BULK_1109
DISH_BULK_0604,PL_BULK_0511
DISH_BULK_0605,PL_BULK_0236
DISH_BULK_0606,PL_BULK_0299
DISH_BULK_0607,PL_BULK_1166
DISH_BULK_0608,PL_BULK_0492
DISH_BULK_0609,PL_PNR_012
DISH_BULK_0610,PL_BULK_0646
DISH_BULK_0611,PL_BULK_0925
DISH_BULK_0612,PL_BULK_1423
DISH_BULK_0613,PL_BULK_0287
DISH_BULK_0614,PL_BULK_0051
DISH_BULK_0615,PL_BULK_0284
DISH_BULK_0616,PL_BULK_0630
DISH_BULK_0617,PL_BULK_1192
DISH_BULK_0618,PL_BULK_0074
DISH_BULK_0619,PL_BULK_1250
DISH_BULK_0620,PL_BULK_1230
DISH_BULK_0621,PL_BULK_1325
DISH_BULK_0622,PL_BULK_0586
DISH_BULK_0623,PL_BULK_0974
DISH_BULK_0624,PL_BULK_1142
DISH_BULK_0625,PL_BULK_1096
DISH_BULK_0626,PL_BULK_0703
DISH_BULK_0627,PL_BULK_0119
DISH_BULK_0628,PL_BULK_1419
DISH_BULK_0629,PL_BULK_0620
DISH_BULK_0630,PL_BULK_1046
DISH_BULK_0631,PL_BULK_0420
DISH_BULK_0632,PL_BULK_0346
DISH_BULK_0633,PL_BULK_1036
DISH_BULK_0634,PL_BULK_0109
DISH_BULK_0635,PL_BULK_1004
DISH_BULK_0636,PL_BULK_0296
DISH_BULK_0637,PL_BULK_0821
DISH_BULK_0638,PL_BULK_1082
DISH_BULK_0639,PL_BULK_1069
DISH_BULK_0640,PL_BULK_0796
DISH_BULK_0641,PL_BULK_0158
DISH_BULK_0642,PL_BULK_0685
DISH_BULK_0643,PL_BULK_0423
DISH_BULK_0644,PL_BULK_0406
DISH_BULK_0645,PL_BULK_1328
DISH_BULK_0646,PL_BULK_0649
DISH_BULK_0647,PL_BULK_0648
DISH_BULK_0648,PL_BULK_0708
DISH_BULK_0649,PL_BULK_0571
DISH_BULK_0650,PL_BULK_0417
DISH_BULK_0651,PL_BULK_1236
DISH_BULK_0652,PL_BULK_1056
DISH_BULK_0653,PL_BULK_0942
DISH_BULK_0654,PL_BULK_1119
DISH_BULK_0655,PL_BULK_1299
DISH_BULK_0656,PL_PNR_019
DISH_BULK_0657,PL_BULK_0204
DISH_BULK_0658,PL_BULK_1339
DISH_BULK_0659,PL_BULK_0678
DISH_BULK_0660,PL_BULK_0882
DISH_BULK_0661,PL_BULK_0462
DISH_BULK_0662,PL_BULK_1285
DISH_BULK_0663,PL_BULK_1226
DISH_BULK_0664,PL_BULK_1242
DISH_BULK_0665,PL_BULK_0469
DISH_BULK_0666,PL_BULK_0051
DISH_BULK_0667,PL_BULK_1367
DISH_BULK_0668,PL_BULK_0627
DISH_BULK_0669,PL_BULK_0751
DISH_BULK_0670,PL_BULK_0202
DISH_BULK_0671,PL_BULK_0760
DISH_BULK_0672,PL_BULK_0495
DISH_BULK_0673,PL_BULK_1076
DISH_BULK_0674,PL_BULK_1452
DISH_BULK_0675,PL_BULK_0549
DISH_BULK_0676,PL_BULK_0020
DISH_BULK_0677,PL_BULK_1028
DISH_BULK_0678,PL_BULK_0737
DISH_BULK_0679,PL_BULK_1023
DISH_BULK_0680,PL_BULK_1011
DISH_BULK_0681,PL_BULK_0882
DISH_BULK_0682,PL_BULK_0966
DISH_BULK_0683,PL_BULK_0059
DISH_BULK_0684,PL_BULK_0577
DISH_BULK_0685,PL_BULK_1304
DISH_BULK_0686,PL_BULK_0364
DISH_BULK_0687,PL_BULK_0626
DISH_BULK_0688,PL_BULK_1022
DISH_BULK_0689,PL_BULK_0138
DISH_BULK_0690,PL_BULK_0166
DISH_BULK_0691,PL_BULK_0312
DISH_BULK_0692,PL_BULK_1071
DISH_BULK_0693,PL_BULK_1062
DISH_BULK_0694,PL_PNR_016
DISH_BULK_0695,PL_BULK_1253
DISH_BULK_0696,PL_BULK_0104
DISH_BULK_0697,PL_BULK_0401
DISH_BULK_0698,PL_BULK_1342
DISH_BULK_0699,PL_BULK_1259
DISH_BULK_0700,PL_BULK_0406
DISH_BULK_0701,PL_BULK_1373
DISH_BULK_0702,PL_BULK_0838
DISH_BULK_0703,PL_BULK_0182
DISH_BULK_0704,PL_BULK_0391
DISH_BULK_0705,PL_BULK_1071
DISH_BULK_0706,PL_BULK_1409
DISH_BULK_0707,PL_BULK_0861
DISH_BULK_0708,PL_BULK_1294
DISH_BULK_0709,PL_BULK_0117
DISH_BULK_0710,PL_BULK_1375
DISH_BULK_0711,PL_BULK_0284
DISH_BULK_0712,PL_BULK_0018
DISH_BULK_0713,PL_BULK_0910
DISH_BULK_0714,PL_BULK_1438
DISH_BULK_0715,PL_BULK_0649
DISH_BULK_0716,PL_BULK_0047
DISH_BULK_0717,PL_BULK_0149
DISH_BULK_0718,PL_BULK_0120
DISH_BULK_0719,PL_BULK_0081
DISH_BULK_0720,PL_BULK_0334
DISH_BULK_0721,PL_BULK_0485
DISH_BULK_0722,PL_BULK_1112
DISH_BULK_0723,PL_BULK_0114
DISH_BULK_0724,PL_BULK_1147
DISH_BULK_0725,PL_BULK_0436
DISH_BULK_0726,PL_BULK_0499
DISH_BULK_0727,PL_BULK_0804
DISH_BULK_0728,PL_BULK_0764
DISH_BULK_0729,PL_BULK_0893
DISH_BULK_0730,PL_BULK_1260
DISH_BULK_0731,PL_BULK_0798
DISH_BULK_0732,PL_BULK_0856
DISH_BULK_0733,PL_BULK_0617
DISH_BULK_0734,PL_BULK_0004
DISH_BULK_0735,PL_BULK_0767
DISH_BULK_0736,PL_BULK_1348
DISH_BULK_0737,PL_BULK_0212
DISH_BULK_0738,PL_BULK_1065
DISH_BULK_0739,PL_PNR_013
DISH_BULK_0740,PL_BULK_1283
DISH_BULK_0741,PL_BULK_1445
DISH_BULK_0742,PL_BULK_1236
DISH_BULK_0743,PL_BULK_0099
DISH_BULK_0744,PL_BULK_1169
DISH_BULK_0745,PL_BULK_0063
DISH_BULK_0746,PL_BULK_1405
DISH_BULK_0747,PL_BULK_0118
DISH_BULK_0748,PL_BULK_0702
DISH_BULK_0749,PL_BULK_0999
DISH_BULK_0750,PL_BULK_0187
DISH_BULK_0751,PL_BULK_0563
DISH_BULK_0752,PL_BULK_1374
DISH_BULK_0753,PL_BULK_0587
DISH_BULK_0754,PL_BULK_1212
DISH_BULK_0755,PL_BULK_0147
DISH_BULK_0756,PL_BULK_0546
DISH_BULK_0757,PL_BULK_0866
DISH_BULK_0758,PL_BULK_0751
DISH_BULK_0759,PL_BULK_0779
DISH_BULK_0760,PL_BULK_1323
DISH_BULK_0761,PL_BULK_0033
DISH_BULK_0762,PL_BULK_0940
DISH_BULK_0763,PL_BULK_0290
DISH_BULK_0764,PL_BULK_1062
DISH_BULK_0765,PL_BULK_0420
DISH_BULK_0766,PL_BULK_0249
DISH_BULK_0767,PL_BULK_0770
DISH_BULK_0768,PL_BULK_1087
DISH_BULK_0769,PL_BULK_0574
DISH_BULK_0770,PL_BULK_1268
DISH_BULK_0771,PL_BULK_0265
DISH_BULK_0772,PL_BULK_0580
DISH_BULK_0773,PL_BULK_1357
DISH_BULK_0774,PL_BULK_1463
DISH_BULK_0775,PL_BULK_1296
DISH_BULK_0776,PL_BULK_0734
DISH_BULK_0777,PL_PNR_023
DISH_BULK_0778,PL_BULK_1103
DISH_BULK_0779,PL_BULK_1106
DISH_BULK_0780,PL_BULK_0259
DISH_BULK_0781,PL_BULK_0222
DISH_BULK_0782,PL_BULK_0055
DISH_BULK_0783,PL_PNR_011
DISH_BULK_0784,PL_BULK_1142
DISH_BULK_0785,PL_BULK_1191
DISH_BULK_0786,PL_BULK_0777
DISH_BULK_0787,PL_BULK_1070
DISH_BULK_0788,PL_BULK_1091
DISH_BULK_0789,PL_BULK_0144
DISH_BULK_0790,PL_BULK_0594
DISH_BULK_0791,PL_BULK_0400
DISH_BULK_0792,PL_BULK_1456
DISH_BULK_0793,PL_BULK_0674
DISH_BULK_0794,PL_BULK_0403
DISH_BULK_0795,PL_BULK_0815
DISH_BULK_0796,PL_BULK_1292
DISH_BULK_0797,PL_BULK_1019
DISH_BULK_0798,PL_BULK_0261
DISH_BULK_0799,PL_BULK_0299
DISH_BULK_0800,PL_BULK_0346
DISH_BULK_0801,PL_BULK_0422
DISH_BULK_0802,PL_BULK_1233
DISH_BULK_0803,PL_BULK_0487
DISH_BULK_0804,PL_BULK_0367
DISH_BULK_0805,PL_BULK_0204
DISH_BULK_0806,PL_BULK_0341
DISH_BULK_0807,PL_BULK_1344
DISH_BULK_0808,PL_BULK_1131
DISH_BULK_0809,PL_BULK_0081
DISH_BULK_0810,PL_BULK_1094
DISH_BULK_0811,PL_BULK_0914
DISH_BULK_0812,PL_BULK_1290
DISH_BULK_0813,PL_BULK_1095
DISH_BULK_0814,PL_BULK_0119
DISH_BULK_0815,PL_BULK_0565
DISH_BULK_0816,PL_BULK_1345
DISH_BULK_0817,PL_BULK_0107
DISH_BULK_0818,PL_BULK_0483
DISH_BULK_0819,PL_BULK_0171
DISH_BULK_0820,PL_BULK_0374
DISH_BULK_0821,PL_BULK_1456
DISH_BULK_0822,PL_BULK_1159
DISH_BULK_0823,PL_BULK_0967
DISH_BULK_0824,PL_BULK_0647
DISH_BULK_0825,PL_BULK_0701
DISH_BULK_0826,PL_BULK_0232
DISH_BULK_0827,PL_BULK_1344
DISH_BULK_0828,PL_BULK_1312
DISH_BULK_0829,PL_BULK_0450
DISH_BULK_0830,PL_BULK_0174
DISH_BULK_0831,PL_BULK_0553
DISH_BULK_0832,PL_BULK_1238
DISH_BULK_0833,PL_BULK_0112
DISH_BULK_0834,PL_BULK_0366
DISH_BULK_0835,PL_BULK_0620
DISH_BULK_0836,PL_BULK_0965
DISH_BULK_0837,PL_BULK_0892
DISH_BULK_0838,PL_BULK_0642
DISH_BULK_0839,PL_BULK_1232
DISH_BULK_0840,PL_BULK_1320
DISH_BULK_0841,PL_BULK_0596
DISH_BULK_0842,PL_BULK_1390
DISH_BULK_0843,PL_BULK_1166
DISH_BULK_0844,PL_BULK_0282
DISH_BULK_0845,PL_BULK_1128
DISH_BULK_0846,PL_BULK_1130
DISH_BULK_0847,PL_BULK_0716
DISH_BULK_0848,PL_BULK_0617
DISH_BULK_0849,PL_BULK_0847
DISH_BULK_0850,PL_BULK_0315
DISH_BULK_0851,PL_PNR_010
DISH_BULK_0852,PL_BULK_0611
DISH_BULK_0853,PL_BULK_0474
DISH_BULK_0854,PL_BULK_0423
DISH_BULK_0855,PL_BULK_1428
DISH_BULK_0856,PL_BULK_1282
DISH_BULK_0857,PL_BULK_0863
DISH_BULK_0858,PL_BULK_0536
DISH_BULK_0859,PL_BULK_0706
DISH_BULK_0860,PL_BULK_0245
DISH_BULK_0861,PL_BULK_1361
DISH_BULK_0862,PL_BULK_0649
DISH_BULK_0863,PL_BULK_0952
DISH_BULK_0864,PL_BULK_0917
DISH_BULK_0865,PL_BULK_0882
DISH_BULK_0866,PL_BULK_0704
DISH_BULK_0867,PL_BULK_0595
DISH_BULK_0868,PL_BULK_0967
DISH_BULK_0869,PL_BULK_1099
DISH_BULK_0870,PL_BULK_0192
DISH_BULK_0871,PL_BULK_0329
DISH_BULK_0872,PL_BULK_1292
DISH_BULK_0873,PL_BULK_1212
DISH_BULK_0874,PL_BULK_0137
DISH_BULK_0875,PL_BULK_0544
DISH_BULK_0876,PL_BULK_0256
DISH_BULK_0877,PL_BULK_1073
DISH_BULK_0878,PL_BULK_0372
DISH_BULK_0879,PL_BULK_0509
DISH_BULK_0880,PL_BULK_1253
DISH_BULK_0881,PL_BULK_0126
DISH_BULK_0882,PL_BULK_1459
DISH_BULK_0883,PL_BULK_0124
DISH_BULK_0884,PL_BULK_0008
DISH_BULK_0885,PL_BULK_1008
DISH_BULK_0886,PL_BULK_1263
DISH_BULK_0887,PL_BULK_0033
DISH_BULK_0888,PL_BULK_1161
DISH_BULK_0889,PL_BULK_1155
DISH_BULK_0890,PL_BULK_0799
DISH_BULK_0891,PL_BULK_1178
DISH_BULK_0892,PL_BULK_0405
DISH_BULK_0893,PL_BULK_0045
DISH_BULK_0894,PL_BULK_1099
DISH_BULK_0895,PL_BULK_0503
DISH_BULK_0896,PL_BULK_1083
DISH_BULK_0897,PL_BULK_1075
DISH_BULK_0898,PL_BULK_0936
DISH_BULK_0899,PL_BULK_1309
DISH_BULK_0900,PL_BULK_0274
DISH_BULK_0901,PL_BULK_0719
DISH_BULK_0902,PL_BULK_0773
DISH_BULK_0903,PL_BULK_0427
DISH_BULK_0904,PL_BULK_1177
DISH_BULK_0905,PL_BULK_0565
DISH_BULK_0906,PL_BULK_0244
DISH_BULK_0907,PL_BULK_0921
DISH_BULK_0908,PL_BULK_0996
DISH_BULK_0909,PL_BULK_1015
DISH_BULK_0910,PL_BULK_0155
DISH_BULK_0911,PL_BULK_0782
DISH_BULK_0912,PL_BULK_0715
DISH_BULK_0913,PL_BULK_0998
DISH_BULK_0914,PL_PNR_022
DISH_BULK_0915,PL_BULK_1327
DISH_BULK_0916,PL_BULK_0459
DISH_BULK_0917,PL_BULK_1227
DISH_BULK_0918,PL_BULK_1371
DISH_BULK_0919,PL_BULK_0309
DISH_BULK_0920,PL_BULK_1022
DISH_BULK_0921,PL_BULK_0257
DISH_BULK_0922,PL_BULK_0883
DISH_BULK_0923,PL_BULK_0296
DISH_BULK_0924,PL_BULK_0336
DISH_BULK_0925,PL_BULK_1129
DISH_BULK_0926,PL_BULK_1128
DISH_BULK_0927,PL_BULK_1320
DISH_BULK_0928,PL_BULK_0269
DISH_BULK_0929,PL_BULK_1469
DISH_BULK_0930,PL_BULK_0960
DISH_BULK_0931,PL_BULK_0704
DISH_BULK_0932,PL_BULK_0052
DISH_BULK_0933,PL_BULK_0418
DISH_BULK_0934,PL_BULK_0968
DISH_BULK_0935,PL_BULK_0444
DISH_BULK_0936,PL_BULK_0098
DISH_BULK_0937,PL_BULK_0511
DISH_BULK_0938,PL_BULK_0726
DISH_BULK_0939,PL_BULK_0449
DISH_BULK_0940,PL_BULK_0057
DISH_BULK_0941,PL_BULK_1339
DISH_BULK_0942,PL_BULK_0393
DISH_BULK_0943,PL_BULK_1030
DISH_BULK_0944,PL_BULK_0709
DISH_BULK_0945,PL_BULK_0764
DISH_BULK_0946,PL_BULK_0931
DISH_BULK_0947,PL_BULK_0901
DISH_BULK_0948,PL_BULK_0065
DISH_BULK_0949,PL_BULK_0051
DISH_BULK_0950,PL_BULK_1298
DISH_BULK_0951,PL_BULK_0633
DISH_BULK_0952,PL_BULK_0181
DISH_BULK_0953,PL_BULK_1411
DISH_BULK_0954,PL_BULK_1037
DISH_BULK_0955,PL_BULK_1267
DISH_BULK_0956,PL_BULK_0530
DISH_BULK_0957,PL_BULK_0509
DISH_BULK_0958,PL_BULK_1155
DISH_BULK_0959,PL_BULK_1084
DISH_BULK_0960,PL_BULK_1137
DISH_BULK_0961,PL_BULK_0326
DISH_BULK_0962,PL_BULK_0741
DISH_BULK_0963,PL_BULK_1308
DISH_BULK_0964,PL_BULK_0745
DISH_BULK_0965,PL_BULK_0718
DISH_BULK_0966,PL_BULK_1173
DISH_BULK_0967,PL_BULK_1308
DISH_BULK_0968,PL_BULK_0129
DISH_BULK_0969,PL_BULK_1028
DISH_BULK_0970,PL_BULK_0485
DISH_BULK_0971,PL_BULK_0740
DISH_BULK_0972,PL_BULK_0426
DISH_BULK_0973,PL_BULK_1027
DISH_BULK_0974,PL_BULK_0801
DISH_BULK_0975,PL_BULK_0692
DISH_BULK_0976,PL_BULK_0676
DISH_BULK_0977,PL_BULK_0967
DISH_BULK_0978,PL_BULK_0957
DISH_BULK_0979,PL_BULK_1207
DISH_BULK_0980,PL_PNR_014
DISH_BULK_0981,PL_BULK_0997
DISH_BULK_0982,PL_BULK_0254
DISH_BULK_0983,PL_BULK_0870
DISH_BULK_0984,PL_BULK_0309
DISH_BULK_0985,PL_BULK_0441
DISH_BULK_0986,PL_BULK_0127
DISH_BULK_0987,PL_BULK_1023
DISH_BULK_0988,PL_BULK_1287
DISH_BULK_0989,PL_BULK_0545
DISH_BULK_0990,PL_BULK_0403
DISH_BULK_0991,PL_BULK_0277
DISH_BULK_0992,PL_BULK_0352
DISH_BULK_0993,PL_BULK_0292
DISH_BULK_0994,PL_BULK_0711
DISH_BULK_0995,PL_BULK_1202
DISH_BULK_0996,PL_BULK_1439
DISH_BULK_0997,PL_BULK_0212
DISH_BULK_0998,PL_BULK_1323
DISH_BULK_0999,PL_BULK_0441
DISH_BULK_1000,PL_BULK_0819
DISH_BULK_1001,PL_BULK_0646
DISH_BULK_1002,PL_BULK_1445
DISH_BULK_1003,PL_BULK_0202
DISH_BULK_1004,PL_BULK_0956
DISH_BULK_1005,PL_BULK_1352
DISH_BULK_1006,PL_BULK_0950
DISH_BULK_1007,PL_BULK_0951
DISH_BULK_1008,PL_BULK_0401
DISH_BULK_1009,PL_BULK_1179
DISH_BULK_1010,PL_BULK_0300
DISH_BULK_1011,PL_BULK_1295
DISH_BULK_1012,PL_BULK_0811
DISH_BULK_1013,PL_BULK_0015
DISH_BULK_1014,PL_BULK_0469
DISH_BULK_1015,PL_BULK_0058
DISH_BULK_1016,PL_BULK_0231
DISH_BULK_1017,PL_BULK_1144
DISH_BULK_1018,PL_BULK_1183
DISH_BULK_1019,PL_BULK_0299
DISH_BULK_1020,PL_BULK_0245
DISH_BULK_1021,PL_BULK_1259
DISH_BULK_1022,PL_BULK_1019
DISH_BULK_1023,PL_BULK_0050
DISH_BULK_1024,PL_BULK_1142
DISH_BULK_1025,PL_BULK_0270
DISH_BULK_1026,PL_BULK_0084
DISH_BULK_1027,PL_BULK_0310
DISH_BULK_1028,PL_BULK_0498
DISH_BULK_1029,PL_BULK_0338
DISH_BULK_1030,PL_BULK_1028
DISH_BULK_1031,PL_BULK_0800
DISH_BULK_1032,PL_BULK_1197
DISH_BULK_1033,PL_BULK_1124
DISH_BULK_1034,PL_BULK_1275
DISH_BULK_1035,PL_BULK_0008
DISH_BULK_1036,PL_BULK_1443
DISH_BULK_1037,PL_BULK_1460
DISH_BULK_1038,PL_BULK_1325
DISH_BULK_1039,PL_BULK_0550
DISH_BULK_1040,PL_BULK_0145
DISH_BULK_1041,PL_BULK_0413
DISH_BULK_1042,PL_BULK_0889
DISH_BULK_1043,PL_BULK_1212
DISH_BULK_1044,PL_BULK_0935
DISH_BULK_1045,PL_BULK_0956
DISH_BULK_1046,PL_BULK_0319
DISH_BULK_1047,PL_BULK_0419
DISH_BULK_1048,PL_BULK_0811
DISH_BULK_1049,PL_BULK_1200
DISH_BULK_1050,PL_BULK_0262
DISH_BULK_1051,PL_BULK_1163
DISH_BULK_1052,PL_BULK_0342
DISH_BULK_1053,PL_BULK_1246
DISH_BULK_1054,PL_BULK_1320
DISH_BULK_1055,PL_BULK_1016
DISH_BULK_1056,PL_BULK_0511
DISH_BULK_1057,PL_BULK_0313
DISH_BULK_1058,PL_BULK_1453
DISH_BULK_1059,PL_BULK_1374
DISH_BULK_1060,PL_BULK_0671
DISH_BULK_1061,PL_BULK_0898
DISH_BULK_1062,PL_BULK_1191
DISH_BULK_1063,PL_BULK_1179
DISH_BULK_1064,PL_BULK_0110
DISH_BULK_1065,PL_BULK_0440
DISH_BULK_1066,PL_BULK_0744
DISH_BULK_1067,PL_BULK_0759
DISH_BULK_1068,PL_BULK_0240
DISH_BULK_1069,PL_BULK_0192
DISH_BULK_1070,PL_BULK_0003
DISH_BULK_1071,PL_BULK_0384
DISH_BULK_1072,PL_BULK_1040
DISH_BULK_1073,PL_BULK_1002
DISH_BULK_1074,PL_BULK_1371
DISH_BULK_1075,PL_BULK_0829
DISH_BULK_1076,PL_BULK_0276
DISH_BULK_1077,PL_BULK_1210
DISH_BULK_1078,PL_BULK_0167
DISH_BULK_1079,PL_BULK_0333
DISH_BULK_1080,PL_BULK_0944
DISH_BULK_1081,PL_BULK_1229
DISH_BULK_1082,PL_BULK_1198
DISH_BULK_1083,PL_BULK_0049
DISH_BULK_1084,PL_BULK_1058
DISH_BULK_1085,PL_BULK_1000
DISH_BULK_1086,PL_BULK_0210
DISH_BULK_1087,PL_BULK_0160
DISH_BULK_1088,PL_BULK_0957
DISH_BULK_1089,PL_BULK_1320
DISH_BULK_1090,PL_BULK_0236
DISH_BULK_1091,PL_BULK_1205
DISH_BULK_1092,PL_BULK_1074
DISH_BULK_1093,PL_PNR_003
DISH_BULK_1094,PL_BULK_1359
DISH_BULK_1095,PL_BULK_1299
DISH_BULK_1096,PL_BULK_0853
DISH_BULK_1097,PL_BULK_1039
DISH_BULK_1098,PL_BULK_0831
DISH_BULK_1099,PL_BULK_0728
DISH_BULK_1100,PL_BULK_0058
DISH_BULK_1101,PL_BULK_1398
DISH_BULK_1102,PL_BULK_1055
DISH_BULK_1103,PL_BULK_0848
DISH_BULK_1104,PL_BULK_0439
DISH_BULK_1105,PL_BULK_0957
DISH_BULK_1106,PL_BULK_0750
DISH_BULK_1107,PL_BULK_0687
DISH_BULK_1108,PL_BULK_1176
DISH_BULK_1109,PL_BULK_1396
DISH_BULK_1110,PL_BULK_1149
DISH_BULK_1111,PL_BULK_0170
DISH_BULK_1112,PL_BULK_0841
DISH_BULK_1113,PL_BULK_0244
DISH_BULK_1114,PL_BULK_0491
DISH_BULK_1115,PL_BULK_0947
DISH_BULK_1116,PL_BULK_0446
DISH_BULK_1117,PL_BULK_0141
DISH_BULK_1118,PL_BULK_0550
DISH_BULK_1119,PL_BULK_1195
DISH_BULK_1120,PL_BULK_1083
DISH_BULK_1121,PL_BULK_0806
DISH_BULK_1122,PL_BULK_0497
DISH_BULK_1123,PL_BULK_0357
DISH_BULK_1124,PL_PNR_012
DISH_BULK_1125,PL_BULK_1422
DISH_BULK_1126,PL_PNR_015
DISH_BULK_1127,PL_BULK_1153
DISH_BULK_1128,PL_BULK_1040
DISH_BULK_1129,PL_BULK_0211
DISH_BULK_1130,PL_BULK_1034
DISH_BULK_1131,PL_PNR_015
DISH_BULK_1132,PL_BULK_0738
DISH_BULK_1133,PL_BULK_1310
DISH_BULK_1134,PL_BULK_0390
DISH_BULK_1135,PL_BULK_1378
DISH_BULK_1136,PL_BULK_0616
DISH_BULK_1137,PL_BULK_0807
DISH_BULK_1138,PL_BULK_0711
DISH_BULK_1139,PL_BULK_0188
DISH_BULK_1140,PL_BULK_0286
DISH_BULK_1141,PL_BULK_0842
DISH_BULK_1142,PL_BULK_1304
DISH_BULK_1143,PL_BULK_1168
DISH_BULK_1144,PL_BULK_0489
DISH_BULK_1145,PL_BULK_0505
DISH_BULK_1146,PL_BULK_1067
DISH_BULK_1147,PL_BULK_0837
DISH_BULK_1148,PL_BULK_1126
DISH_BULK_1149,PL_BULK_0718
DISH_BULK_1150,PL_BULK_1223
DISH_BULK_1151,PL_BULK_0534
DISH_BULK_1152,PL_BULK_1363
DISH_BULK_1153,PL_BULK_0783
DISH_BULK_1154,PL_BULK_0387
DISH_BULK_1155,PL_BULK_0816
DISH_BULK_1156,PL_BULK_1100
DISH_BULK_1157,PL_BULK_1111
DISH_BULK_1158,PL_BULK_0958
DISH_BULK_1159,PL_BULK_0336
DISH_BULK_1160,PL_BULK_0728
DISH_BULK_1161,PL_BULK_1115
DISH_BULK_1162,PL_BULK_1106
DISH_BULK_1163,PL_BULK_0960
DISH_BULK_1164,PL_BULK_0489
DISH_BULK_1165,PL_BULK_0598
DISH_BULK_1166,PL_BULK_1153
DISH_BULK_1167,PL_BULK_0675
DISH_BULK_1168,PL_BULK_1414
DISH_BULK_1169,PL_BULK_0785
DISH_BULK_1170,PL_BULK_0252
DISH_BULK_1171,PL_BULK_1320
DISH_BULK_1172,PL_BULK_0213
DISH_BULK_1173,PL_BULK_0440
DISH_BULK_1174,PL_BULK_0884
DISH_BULK_1175,PL_BULK_1402
DISH_BULK_1176,PL_BULK_0301
DISH_BULK_1177,PL_BULK_0175
DISH_BULK_1178,PL_BULK_0409
DISH_BULK_1179,PL_BULK_1011
DISH_BULK_1180,PL_BULK_0790
DISH_BULK_1181,PL_BULK_0663
DISH_BULK_1182,PL_BULK_1097
DISH_BULK_1183,PL_BULK_1227
DISH_BULK_1184,PL_BULK_1397
DISH_BULK_1185,PL_BULK_1371
DISH_BULK_1186,PL_BULK_1417
DISH_BULK_1187,PL_BULK_0076
DISH_BULK_1188,PL_BULK_0299
DISH_BULK_1189,PL_BULK_0766
DISH_BULK_1190,PL_BULK_1272
DISH_BULK_1191,PL_PNR_011
DISH_BULK_1192,PL_BULK_0156
DISH_BULK_1193,PL_BULK_0267
DISH_BULK_1194,PL_BULK_0935
DISH_BULK_1195,PL_BULK_1199
DISH_BULK_1196,PL_BULK_0861
DISH_BULK_1197,PL_BULK_0150
DISH_BULK_1198,PL_BULK_0101
DISH_BULK_1199,PL_BULK_0508
DISH_BULK_1200,PL_BULK_0424
DISH_BULK_1201,PL_BULK_0729
DISH_BULK_1202,PL_BULK_0133
DISH_BULK_1203,PL_BULK_1217
DISH_BULK_1204,PL_BULK_0047
DISH_BULK_1205,PL_BULK_1453
DISH_BULK_1206,PL_BULK_0757
DISH_BULK_1207,PL_BULK_0790
DISH_BULK_1208,PL_BULK_1227
DISH_BULK_1209,PL_BULK_1313
DISH_BULK_1210,PL_BULK_1037
DISH_BULK_1211,PL_BULK_0556
DISH_BULK_1212,PL_BULK_1427
DISH_BULK_1213,PL_BULK_1193
DISH_BULK_1214,PL_BULK_0087
DISH_BULK_1215,PL_BULK_0328
DISH_BULK_1216,PL_BULK_1281
DISH_BULK_1217,PL_BULK_0982
DISH_BULK_1218,PL_BULK_0869
DISH_BULK_1219,PL_PNR_022
DISH_BULK_1220,PL_BULK_0383
DISH_BULK_1221,PL_BULK_1315
DISH_BULK_1222,PL_BULK_1031
DISH_BULK_1223,PL_BULK_0555
DISH_BULK_1224,PL_BULK_0368
DISH_BULK_1225,PL_BULK_0038
DISH_BULK_1226,PL_BULK_1197
DISH_BULK_1227,PL_BULK_1015
DISH_BULK_1228,PL_BULK_1026
DISH_BULK_1229,PL_BULK_1400
DISH_BULK_1230,PL_BULK_0444
DISH_BULK_1231,PL_BULK_1229
DISH_BULK_1232,PL_BULK_0317
DISH_BULK_1233,PL_BULK_1350
DISH_BULK_1234,PL_BULK_0043
DISH_BULK_1235,PL_BULK_0706
DISH_BULK_1236,PL_BULK_0459
DISH_BULK_1237,PL_BULK_1311
DISH_BULK_1238,PL_PNR_001
DISH_BULK_1239,PL_BULK_0292
DISH_BULK_1240,PL_BULK_0147
DISH_BULK_1241,PL_BULK_0535
DISH_BULK_1242,PL_BULK_0788
DISH_BULK_1243,PL_BULK_0693
DISH_BULK_1244,PL_BULK_1341
DISH_BULK_1245,PL_BULK_0779
DISH_BULK_1246,PL_BULK_0800
DISH_BULK_1247,PL_BULK_1170
DISH_BULK_1248,PL_BULK_0380
DISH_BULK_1249,PL_BULK_1030
DISH_BULK_1250,PL_BULK_0001
DISH_BULK_1251,PL_BULK_1411
DISH_BULK_1252,PL_BULK_0110
DISH_BULK_1253,PL_BULK_0154
DISH_BULK_1254,PL_BULK_1095
DISH_BULK_1255,PL_BULK_0552
DISH_BULK_1256,PL_BULK_1457
DISH_BULK_1257,PL_BULK_1115
DISH_BULK_1258,PL_BULK_1163
DISH_BULK_1259,PL_BULK_0682
DISH_BULK_1260,PL_BULK_0681
DISH_BULK_1261,PL_BULK_0536
DISH_BULK_1262,PL_BULK_0433
DISH_BULK_1263,PL_BULK_1211
DISH_BULK_1264,PL_BULK_0368
DISH_BULK_1265,PL_BULK_0901
DISH_BULK_1266,PL_BULK_0797
DISH_BULK_1267,PL_BULK_1147
DISH_BULK_1268,PL_PNR_010
DISH_BULK_1269,PL_BULK_0504
DISH_BULK_1270,PL_BULK_0328
DISH_BULK_1271,PL_BULK_0803
DISH_BULK_1272,PL_BULK_1006
DISH_BULK_1273,PL_BULK_0188
DISH_BULK_1274,PL_BULK_1114
DISH_BULK_1275,PL_BULK_0118
DISH_BULK_1276,PL_BULK_1000
DISH_BULK_1277,PL_BULK_0572
DISH_BULK_1278,PL_BULK_0666
DISH_BULK_1279,PL_BULK_0209
DISH_BULK_1280,PL_BULK_1021
DISH_BULK_1281,PL_BULK_0497
DISH_BULK_1282,PL_BULK_1071
DISH_BULK_1283,PL_BULK_1147
DISH_BULK_1284,PL_BULK_0482
DISH_BULK_1285,PL_BULK_1391
DISH_BULK_1286,PL_BULK_0876
DISH_BULK_1287,PL_BULK_0742
DISH_BULK_1288,PL_BULK_1123
DISH_BULK_1289,PL_BULK_0960
DISH_BULK_1290,PL_BULK_0468
DISH_BULK_1291,PL_BULK_0665
DISH_BULK_1292,PL_BULK_0909
DISH_BULK_1293,PL_BULK_1365
DISH_BULK_1294,PL_BULK_0913
DISH_BULK_1295,PL_BULK_1171
DISH_BULK_1296,PL_BULK_0026
DISH_BULK_1297,PL_BULK_0957
DISH_BULK_1298,PL_BULK_0208
DISH_BULK_1299,PL_BULK_0498
DISH_BULK_1300,PL_BULK_0108
DISH_BULK_1301,PL_BULK_0753
DISH_BULK_1302,PL_BULK_1267
DISH_BULK_1303,PL_BULK_0421
DISH_BULK_1304,PL_BULK_1356
DISH_BULK_1305,PL_BULK_1406
DISH_BULK_1306,PL_BULK_0440
DISH_BULK_1307,PL_BULK_0616
DISH_BULK_1308,PL_BULK_0814
DISH_BULK_1309,PL_BULK_0693
DISH_BULK_1310,PL_BULK_1027
DISH_BULK_1311,PL_BULK_1067
DISH_BULK_1312,PL_PNR_020
DISH_BULK_1313,PL_BULK_1405
DISH_BULK_1314,PL_BULK_0509
DISH_BULK_1315,PL_BULK_0478
DISH_BULK_1316,PL_BULK_0558
DISH_BULK_1317,PL_BULK_0160
DISH_BULK_1318,PL_BULK_0787
DISH_BULK_1319,PL_BULK_1349
DISH_BULK_1320,PL_BULK_0670
DISH_BULK_1321,PL_BULK_0125
DISH_BULK_1322,PL_BULK_1105
DISH_BULK_1323,PL_BULK_0335
DISH_BULK_1324,PL_BULK_0945
DISH_BULK_1325,PL_BULK_0612
DISH_BULK_1326,PL_BULK_0694
DISH_BULK_1327,PL_BULK_0417
DISH_BULK_1328,PL_BULK_1144
DISH_BULK_1329,PL_BULK_0521
DISH_BULK_1330,PL_BULK_0344
DISH_BULK_1331,PL_BULK_1369
DISH_BULK_1332,PL_BULK_0359
DISH_BULK_1333,PL_BULK_0991
DISH_BULK_1334,PL_BULK_0378
DISH_BULK_1335,PL_BULK_0450
DISH_BULK_1336,PL_BULK_0465
DISH_BULK_1337,PL_BULK_0513
DISH_BULK_1338,PL_BULK_0393
DISH_BULK_1339,PL_BULK_0439
DISH_BULK_1340,PL_BULK_0385
DISH_BULK_1341,PL_BULK_0481
DISH_BULK_1342,PL_BULK_1236
DISH_BULK_1343,PL_BULK_0699
DISH_BULK_1344,PL_BULK_0289
DISH_BULK_1345,PL_BULK_0188
DISH_BULK_1346,PL_BULK_0215
DISH_BULK_1347,PL_BULK_0130
DISH_BULK_1348,PL_BULK_1354
DISH_BULK_1349,PL_BULK_1328
DISH_BULK_1350,PL_BULK_0978
DISH_BULK_1351,PL_BULK_1227
DISH_BULK_1352,PL_PNR_014
DISH_BULK_1353,PL_BULK_1078
DISH_BULK_1354,PL_BULK_0056
DISH_BULK_1355,PL_BULK_0957
DISH_BULK_1356,PL_BULK_0730
DISH_BULK_1357,PL_BULK_1241
DISH_BULK_1358,PL_BULK_0615
DISH_BULK_1359,PL_BULK_0978
DISH_BULK_1360,PL_BULK_1146
DISH_BULK_1361,PL_BULK_0532
DISH_BULK_1362,PL_BULK_0975
DISH_BULK_1363,PL_BULK_0344
DISH_BULK_1364,PL_BULK_1016
DISH_BULK_1365,PL_BULK_0543
DISH_BULK_1366,PL_BULK_0784
DISH_BULK_1367,PL_BULK_0424
DISH_BULK_1368,PL_BULK_1151
DISH_BULK_1369,PL_BULK_0232
DISH_BULK_1370,PL_BULK_0080
DISH_BULK_1371,PL_BULK_1046
DISH_BULK_1372,PL_BULK_0836
DISH_BULK_1373,PL_BULK_0949
DISH_BULK_1374,PL_BULK_1077
DISH_BULK_1375,PL_BULK_0036
DISH_BULK_1376,PL_BULK_0999
DISH_BULK_1377,PL_BULK_0681
DISH_BULK_1378,PL_BULK_0776
DISH_BULK_1379,PL_BULK_1375
DISH_BULK_1380,PL_BULK_0327
DISH_BULK_1381,PL_BULK_0906
DISH_BULK_1382,PL_BULK_0216
DISH_BULK_1383,PL_BULK_1400
DISH_BULK_1384,PL_BULK_1031
DISH_BULK_1385,PL_BULK_0912
DISH_BULK_1386,PL_BULK_0616
DISH_BULK_1387,PL_BULK_1381
DISH_BULK_1388,PL_PNR_018
DISH_BULK_1389,PL_PNR_025
DISH_BULK_1390,PL_BULK_1350
DISH_BULK_1391,PL_BULK_0401
DISH_BULK_1392,PL_BULK_0747
DISH_BULK_1393,PL_BULK_1159
DISH_BULK_1394,PL_BULK_0176
DISH_BULK_1395,PL_BULK_0636
DISH_BULK_1396,PL_BULK_0710
DISH_BULK_1397,PL_BULK_1224
DISH_BULK_1398,PL_BULK_0501
DISH_BULK_1399,PL_BULK_0353
DISH_BULK_1400,PL_BULK_1093
DISH_BULK_1401,PL_BULK_0508
DISH_BULK_1402,PL_BULK_0455
DISH_BULK_1403,PL_BULK_0521
DISH_BULK_1404,PL_BULK_0935
DISH_BULK_1405,PL_BULK_1225
DISH_BULK_1406,PL_BULK_0672
DISH_BULK_1407,PL_BULK_0719
DISH_BULK_1408,PL_BULK_0346
DISH_BULK_1409,PL_BULK_0991
DISH_BULK_1410,PL_BULK_0838
DISH_BULK_1411,PL_BULK_0401
DISH_BULK_1412,PL_BULK_0828
DISH_BULK_1413,PL_BULK_1405
DISH_BULK_1414,PL_BULK_0732
DISH_BULK_1415,PL_BULK_0717
DISH_BULK_1416,PL_BULK_0790
DISH_BULK_1417,PL_BULK_0542
DISH_BULK_1418,PL_BULK_0893
DISH_BULK_1419,PL_BULK_0338
DISH_BULK_1420,PL_BULK_1140
DISH_BULK_1421,PL_BULK_0238
DISH_BULK_1422,PL_BULK_1149
DISH_BULK_1423,PL_BULK_1374
DISH_BULK_1424,PL_BULK_0438
DISH_BULK_1425,PL_BULK_0174
DISH_BULK_1426,PL_BULK_1446
DISH_BULK_1427,PL_BULK_0522
DISH_BULK_1428,PL_BULK_0452
DISH_BULK_1429,PL_BULK_1107
DISH_BULK_1430,PL_BULK_0855
DISH_BULK_1431,PL_BULK_0750
DISH_BULK_1432,PL_BULK_0371
DISH_BULK_1433,PL_BULK_0268
DISH_BULK_1434,PL_BULK_0276
DISH_BULK_1435,PL_BULK_0938
DISH_BULK_1436,PL_PNR_020
DISH_BULK_1437,PL_BULK_0331
DISH_BULK_1438,PL_BULK_0833
DISH_BULK_1439,PL_BULK_0993
DISH_BULK_1440,PL_BULK_0245
DISH_BULK_1441,PL_BULK_1261
DISH_BULK_1442,PL_BULK_1028
DISH_BULK_1443,PL_BULK_1063
DISH_BULK_1444,PL_BULK_1445
DISH_BULK_1445,PL_BULK_0616
DISH_BULK_1446,PL_BULK_0966
DISH_BULK_1447,PL_BULK_0584
DISH_BULK_1448,PL_BULK_0483
DISH_BULK_1449,PL_BULK_1121
DISH_BULK_1450,PL_BULK_1132
DISH_BULK_1451,PL_BULK_0067
DISH_BULK_1452,PL_BULK_0785
DISH_BULK_1453,PL_BULK_0172
DISH_BULK_1454,PL_BULK_1384
DISH_BULK_1455,PL_BULK_0304
DISH_BULK_1456,PL_BULK_0092
DISH_BULK_1457,PL_BULK_0411
DISH_BULK_1458,PL_BULK_0490
DISH_BULK_1459,PL_BULK_0945
DISH_BULK_1460,PL_BULK_1259
DISH_BULK_1461,PL_BULK_0167
DISH_BULK_1462,PL_BULK_0891
DISH_BULK_1463,PL_BULK_0655
DISH_BULK_1464,PL_BULK_0502
DISH_BULK_1465,PL_BULK_0709
DISH_BULK_1466,PL_BULK_0707
DISH_BULK_1467,PL_BULK_1117
DISH_BULK_1468,PL_BULK_1111
DISH_BULK_1469,PL_BULK_0497
DISH_BULK_1470,PL_BULK_0674
DISH_BULK_1471,PL_BULK_0010
DISH_BULK_1472,PL_BULK_0813
DISH_BULK_1473,PL_BULK_0218
DISH_BULK_1474,PL_BULK_0689
DISH_BULK_1475,PL_BULK_1361
DISH_BULK_1476,PL_BULK_1210
DISH_BULK_1477,PL_BULK_0377
DISH_BULK_1478,PL_BULK_1151
DISH_BULK_1479,PL_BULK_1149
DISH_BULK_1480,PL_BULK_1300
DISH_BULK_1481,PL_BULK_1299
DISH_BULK_1482,PL_BULK_1072
DISH_BULK_1483,PL_BULK_0327
DISH_BULK_1484,PL_BULK_0552
DISH_BULK_1485,PL_BULK_0697
DISH_BULK_1486,PL_BULK_0635
DISH_BULK_1487,PL_BULK_1348
DISH_BULK_1488,PL_BULK_1015
DISH_BULK_1489,PL_BULK_0968
DISH_BULK_1490,PL_BULK_0885
DISH_BULK_1491,PL_BULK_0130
DISH_BULK_1492,PL_BULK_0750
DISH_BULK_1493,PL_BULK_1226
DISH_BULK_1494,PL_BULK_0556
DISH_BULK_1495,PL_BULK_0919
DISH_BULK_1496,PL_BULK_1263
DISH_BULK_1497,PL_BULK_0266
DISH_BULK_1498,PL_BULK_0313
DISH_BULK_1499,PL_BULK_1281
DISH_BULK_1500,PL_BULK_0660
DISH_BULK_1501,PL_BULK_0833
DISH_BULK_1502,PL_BULK_1262
DISH_BULK_1503,PL_BULK_1224
DISH_BULK_1504,PL_BULK_1140
DISH_BULK_1505,PL_BULK_0798
DISH_BULK_1506,PL_BULK_0116
DISH_BULK_1507,PL_BULK_0132
DISH_BULK_1508,PL_BULK_0301
DISH_BULK_1509,PL_BULK_0673
DISH_BULK_1510,PL_BULK_0437
DISH_BULK_1511,PL_BULK_0612
DISH_BULK_1512,PL_BULK_0618
DISH_BULK_1513,PL_BULK_1307
DISH_BULK_1514,PL_BULK_0566
DISH_BULK_1515,PL_BULK_1424
DISH_BULK_1516,PL_BULK_0517
DISH_BULK_1517,PL_BULK_1209
DISH_BULK_1518,PL_BULK_1290
DISH_BULK_1519,PL_BULK_0779
DISH_BULK_1520,PL_BULK_0525
DISH_BULK_1521,PL_BULK_0881
DISH_BULK_1522,PL_BULK_0713
DISH_BULK_1523,PL_BULK_1172
DISH_BULK_1524,PL_BULK_1036
DISH_BULK_1525,PL_BULK_0892
DISH_BULK_1526,PL_BULK_0817
DISH_BULK_1527,PL_BULK_0312
DISH_BULK_1528,PL_BULK_0346
DISH_BULK_1529,PL_BULK_0017
DISH_BULK_1530,PL_BULK_0226
DISH_BULK_1531,PL_BULK_1460
DISH_BULK_1532,PL_BULK_0450
DISH_BULK_1533,PL_BULK_1325
DISH_BULK_1534,PL_BULK_0485
DISH_BULK_1535,PL_BULK_1405
DISH_BULK_1536,PL_BULK_0133
DISH_BULK_1537,PL_BULK_0401
DISH_BULK_1538,PL_BULK_0311
DISH_BULK_1539,PL_BULK_0783
DISH_BULK_1540,PL_BULK_0180
DISH_BULK_1541,PL_BULK_0165
DISH_BULK_1542,PL_BULK_0100
DISH_BULK_1543,PL_BULK_0939
DISH_BULK_1544,PL_BULK_1093
DISH_BULK_1545,PL_BULK_0080
DISH_BULK_1546,PL_BULK_0023
DISH_BULK_1547,PL_BULK_0783
DISH_BULK_1548,PL_BULK_1043
DISH_BULK_1549,PL_BULK_0140
DISH_BULK_1550,PL_BULK_0182
DISH_BULK_1551,PL_BULK_0507
DISH_BULK_1552,PL_BULK_1235
DISH_BULK_1553,PL_BULK_0288
DISH_BULK_1554,PL_BULK_0142
DISH_BULK_1555,PL_BULK_1311
DISH_BULK_1556,PL_BULK_0768
DISH_BULK_1557,PL_BULK_0603
DISH_BULK_1558,PL_BULK_0439
DISH_BULK_1559,PL_BULK_0476
DISH_BULK_1560,PL_BULK_0551
DISH_BULK_1561,PL_BULK_0877
DISH_BULK_1562,PL_BULK_1253
DISH_BULK_1563,PL_BULK_0228
DISH_BULK_1564,PL_BULK_0238
DISH_BULK_1565,PL_BULK_1048
DISH_BULK_1566,PL_BULK_0319
DISH_BULK_1567,PL_BULK_0028
DISH_BULK_1568,PL_BULK_0041
DISH_BULK_1569,PL_BULK_1328
DISH_BULK_1570,PL_BULK_0700
DISH_BULK_1571,PL_BULK_0636
DISH_BULK_1572,PL_BULK_0945
DISH_BULK_1573,PL_BULK_0926
DISH_BULK_1574,PL_BULK_1077
DISH_BULK_1575,PL_BULK_0527
DISH_BULK_1576,PL_BULK_1093
DISH_BULK_1577,PL_BULK_0881
DISH_BULK_1578,PL_BULK_0246
DISH_BULK_1579,PL_BULK_1398
DISH_BULK_1580,PL_BULK_1074
DISH_BULK_1581,PL_BULK_0332
DISH_BULK_1582,PL_BULK_1180
DISH_BULK_1583,PL_BULK_1193
DISH_BULK_1584,PL_BULK_0905
DISH_BULK_1585,PL_BULK_1262
DISH_BULK_1586,PL_BULK_1272
DISH_BULK_1587,PL_BULK_1125
DISH_BULK_1588,PL_BULK_0860
DISH_BULK_1589,PL_BULK_1042
DISH_BULK_1590,PL_BULK_1280
DISH_BULK_1591,PL_BULK_1279
DISH_BULK_1592,PL_BULK_1063
DISH_BULK_1593,PL_BULK_0604
DISH_BULK_1594,PL_BULK_0681
DISH_BULK_1595,PL_BULK_0956
DISH_BULK_1596,PL_BULK_1075
DISH_BULK_1597,PL_BULK_0435
DISH_BULK_1598,PL_BULK_0153
DISH_BULK_1599,PL_BULK_0874
DISH_BULK_1600,PL_BULK_0600
DISH_BULK_1601,PL_BULK_0719
DISH_BULK_1602,PL_BULK_0814
DISH_BULK_1603,PL_BULK_0502
DISH_BULK_1604,PL_BULK_0288
DISH_BULK_1605,PL_BULK_0591
DISH_BULK_1606,PL_PNR_022
DISH_BULK_1607,PL_PNR_001
DISH_BULK_1608,PL_BULK_1041
DISH_BULK_1609,PL_BULK_0249
DISH_BULK_1610,PL_BULK_0674
DISH_BULK_1611,PL_BULK_0557
DISH_BULK_1612,PL_BULK_0930
DISH_BULK_1613,PL_BULK_1065
DISH_BULK_1614,PL_PNR_018
DISH_BULK_1615,PL_BULK_1378
DISH_BULK_1616,PL_BULK_0977
DISH_BULK_1617,PL_BULK_0947
DISH_BULK_1618,PL_BULK_0583
DISH_BULK_1619,PL_PNR_019
DISH_BULK_1620,PL_BULK_0851
DISH_BULK_1621,PL_BULK_0569
DISH_BULK_1622,PL_BULK_1192
DISH_BULK_1623,PL_BULK_0443
DISH_BULK_1624,PL_PNR_015
DISH_BULK_1625,PL_BULK_1092
DISH_BULK_1626,PL_BULK_0735
DISH_BULK_1627,PL_BULK_0356
DISH_BULK_1628,PL_BULK_0813
DISH_BULK_1629,PL_BULK_1118
DISH_BULK_1630,PL_BULK_0865
DISH_BULK_1631,PL_BULK_0778
DISH_BULK_1632,PL_BULK_0481
DISH_BULK_1633,PL_BULK_0304
DISH_BULK_1634,PL_BULK_1434
DISH_BULK_1635,PL_BULK_1292
DISH_BULK_1636,PL_BULK_0768
DISH_BULK_1637,PL_BULK_0744
DISH_BULK_1638,PL_BULK_0421
DISH_BULK_1639,PL_BULK_0508
DISH_BULK_1640,PL_BULK_0132
DISH_BULK_1641,PL_BULK_0834
DISH_BULK_1642,PL_BULK_1250
DISH_BULK_1643,PL_BULK_0460
DISH_BULK_1644,PL_BULK_1028
DISH_BULK_1645,PL_BULK_1225
DISH_BULK_1646,PL_BULK_1391
DISH_BULK_1647,PL_BULK_1372
DISH_BULK_1648,PL_BULK_0526
DISH_BULK_1649,PL_BULK_0553
DISH_BULK_1650,PL_BULK_1298
DISH_BULK_1651,PL_BULK_1059
DISH_BULK_1652,PL_BULK_0520
DISH_BULK_1653,PL_BULK_0815
DISH_BULK_1654,PL_BULK_0355
DISH_BULK_1655,PL_BULK_0110
DISH_BULK_1656,PL_BULK_0343
DISH_BULK_1657,PL_BULK_0249
DISH_BULK_1658,PL_BULK_0563
DISH_BULK_1659,PL_BULK_0196
DISH_BULK_1660,PL_BULK_1274
DISH_BULK_1661,PL_BULK_0902
DISH_BULK_1662,PL_BULK_1235
DISH_BULK_1663,PL_BULK_0897
DISH_BULK_1664,PL_BULK_0527
DISH_BULK_1665,PL_BULK_1404
DISH_BULK_1666,PL_BULK_1245
DISH_BULK_1667,PL_BULK_0977
DISH_BULK_1668,PL_BULK_0354
DISH_BULK_1669,PL_BULK_0626
DISH_BULK_1670,PL_BULK_0009
DISH_BULK_1671,PL_BULK_0281
DISH_BULK_1672,PL_BULK_0071
DISH_BULK_1673,PL_BULK_1065
DISH_BULK_1674,PL_BULK_0015
DISH_BULK_1675,PL_BULK_0350
DISH_BULK_1676,PL_BULK_0179
DISH_BULK_1677,PL_BULK_0547
DISH_BULK_1678,PL_BULK_0521
DISH_BULK_1679,PL_BULK_0226
DISH_BULK_1680,PL_BULK_1434
DISH_BULK_1681,PL_BULK_0867
DISH_BULK_1682,PL_BULK_1459
DISH_BULK_1683,PL_PNR_017
DISH_BULK_1684,PL_BULK_0446
DISH_BULK_1685,PL_BULK_0154
DISH_BULK_1686,PL_BULK_0278
DISH_BULK_1687,PL_PNR_031
DISH_BULK_1688,PL_BULK_0980
DISH_BULK_1689,PL_BULK_0414
DISH_BULK_1690,PL_BULK_0670
DISH_BULK_1691,PL_BULK_0830
DISH_BULK_1692,PL_BULK_0608
DISH_BULK_1693,PL_BULK_0990
DISH_BULK_1694,PL_BULK_0730
DISH_BULK_1695,PL_BULK_0919
DISH_BULK_1696,PL_BULK_1397
DISH_BULK_1697,PL_BULK_0034
DISH_BULK_1698,PL_BULK_0646
DISH_BULK_1699,PL_BULK_0134
DISH_BULK_1700,PL_BULK_0269
DISH_BULK_1701,PL_BULK_0084
DISH_BULK_1702,PL_BULK_0515
DISH_BULK_1703,PL_BULK_0773
DISH_BULK_1704,PL_BULK_0116
DISH_BULK_1705,PL_BULK_1082
DISH_BULK_1706,PL_BULK_0932
DISH_BULK_1707,PL_BULK_0341
DISH_BULK_1708,PL_BULK_0363
DISH_BULK_1709,PL_BULK_0482
DISH_BULK_1710,PL_BULK_0751
DISH_BULK_1711,PL_PNR_026
DISH_BULK_1712,PL_BULK_0219
DISH_BULK_1713,PL_BULK_1433
DISH_BULK_1714,PL_BULK_0479
DISH_BULK_1715,PL_BULK_0758
DISH_BULK_1716,PL_BULK_0877
DISH_BULK_1717,PL_BULK_0476
DISH_BULK_1718,PL_BULK_0038
DISH_BULK_1719,PL_BULK_0377
DISH_BULK_1720,PL_BULK_0913
DISH_BULK_1721,PL_BULK_0162
DISH_BULK_1722,PL_BULK_1037
DISH_BULK_1723,PL_BULK_1333
DISH_BULK_1724,PL_BULK_0396
DISH_BULK_1725,PL_BULK_0938
DISH_BULK_1726,PL_BULK_0766
DISH_BULK_1727,PL_BULK_1365
DISH_BULK_1728,PL_BULK_0609
DISH_BULK_1729,PL_BULK_0631
DISH_BULK_1730,PL_BULK_0294
DISH_BULK_1731,PL_BULK_1258
DISH_BULK_1732,PL_BULK_1461
DISH_BULK_1733,PL_BULK_0056
DISH_BULK_1734,PL_BULK_1095
DISH_BULK_1735,PL_BULK_1036
DISH_BULK_1736,PL_BULK_0220
DISH_BULK_1737,PL_BULK_0488
DISH_BULK_1738,PL_BULK_0955
DISH_BULK_1739,PL_BULK_1277
DISH_BULK_1740,PL_BULK_0581
DISH_BULK_1741,PL_BULK_0376
DISH_BULK_1742,PL_BULK_0708
DISH_BULK_1743,PL_BULK_0076
DISH_BULK_1744,PL_BULK_1335
DISH_BULK_1745,PL_BULK_0416
DISH_BULK_1746,PL_BULK_0201
DISH_BULK_1747,PL_BULK_0453
DISH_BULK_1748,PL_BULK_1266
DISH_BULK_1749,PL_BULK_0859
DISH_BULK_1750,PL_BULK_0634
DISH_BULK_1751,PL_PNR_031
DISH_BULK_1752,PL_BULK_0312
DISH_BULK_1753,PL_BULK_0535
DISH_BULK_1754,PL_BULK_1167
DISH_BULK_1755,PL_BULK_0215
DISH_BULK_1756,PL_BULK_0780
DISH_BULK_1757,PL_BULK_0467
DISH_BULK_1758,PL_PNR_019
DISH_BULK_1759,PL_BULK_0056
DISH_BULK_1760,PL_BULK_1160
DISH_BULK_1761,PL_BULK_1384
DISH_BULK_1762,PL_BULK_0943
DISH_BULK_1763,PL_BULK_1379
DISH_BULK_1764,PL_BULK_1191
DISH_BULK_1765,PL_BULK_0287
DISH_BULK_1766,PL_BULK_0730
DISH_BULK_1767,PL_BULK_0153
DISH_BULK_1768,PL_BULK_0479
DISH_BULK_1769,PL_BULK_0292
DISH_BULK_1770,PL_BULK_0993
DISH_BULK_1771,PL_BULK_0157
DISH_BULK_1772,PL_BULK_1374
DISH_BULK_1773,PL_BULK_1236
DISH_BULK_1774,PL_BULK_0663
DISH_BULK_1775,PL_BULK_1250
DISH_BULK_1776,PL_BULK_0092
DISH_BULK_1777,PL_BULK_0092
DISH_BULK_1778,PL_BULK_0698
DISH_BULK_1779,PL_BULK_1290
DISH_BULK_1780,PL_BULK_0285
DISH_BULK_1781,PL_BULK_1406
DISH_BULK_1782,PL_BULK_1068
DISH_BULK_1783,PL_BULK_0189
DISH_BULK_1784,PL_BULK_0227
DISH_BULK_1785,PL_BULK_0969
DISH_BULK_1786,PL_BULK_0446
DISH_BULK_1787,PL_BULK_0618
DISH_BULK_1788,PL_BULK_1113
DISH_BULK_1789,PL_BULK_1290
DISH_BULK_1790,PL_BULK_0681
DISH_BULK_1791,PL_BULK_0868
DISH_BULK_1792,PL_BULK_0365
DISH_BULK_1793,PL_BULK_0013
DISH_BULK_1794,PL_BULK_1381
DISH_BULK_1795,PL_BULK_0743
DISH_BULK_1796,PL_BULK_0703
DISH_BULK_1797,PL_BULK_1453
DISH_BULK_1798,PL_BULK_0245
DISH_BULK_1799,PL_BULK_0483
DISH_BULK_1800,PL_BULK_0050
DISH_BULK_1801,PL_BULK_0963
DISH_BULK_1802,PL_BULK_1417
DISH_BULK_1803,PL_BULK_0866
DISH_BULK_1804,PL_BULK_1114
DISH_BULK_1805,PL_BULK_0573
DISH_BULK_1806,PL_BULK_1081
DISH_BULK_1807,PL_BULK_1397
DISH_BULK_1808,PL_BULK_0973
DISH_BULK_1809,PL_BULK_0358
DISH_BULK_1810,PL_BULK_1130
DISH_BULK_1811,PL_BULK_0352
DISH_BULK_1812,PL_BULK_1083
DISH_BULK_1813,PL_BULK_0682
DISH_BULK_1814,PL_BULK_0632
DISH_BULK_1815,PL_BULK_1469
DISH_BULK_1816,PL_BULK_0929
DISH_BULK_1817,PL_BULK_0533
DISH_BULK_1818,PL_BULK_1196
DISH_BULK_1819,PL_BULK_1105
DISH_BULK_1820,PL_BULK_0298
DISH_BULK_1821,PL_BULK_0111
DISH_BULK_1822,PL_BULK_1057
DISH_BULK_1823,PL_BULK_0287
DISH_BULK_1824,PL_BULK_0890
DISH_BULK_1825,PL_BULK_0575
DISH_BULK_1826,PL_BULK_0509
DISH_BULK_1827,PL_BULK_1079
DISH_BULK_1828,PL_BULK_0721
DISH_BULK_1829,PL_BULK_0899
DISH_BULK_1830,PL_PNR_002
DISH_BULK_1831,PL_BULK_1276
DISH_BULK_1832,PL_BULK_1006
DISH_BULK_1833,PL_BULK_0746
DISH_BULK_1834,PL_BULK_0349
DISH_BULK_1835,PL_BULK_0008
DISH_BULK_1836,PL_BULK_1239
DISH_BULK_1837,PL_BULK_0715
DISH_BULK_1838,PL_BULK_1240
DISH_BULK_1839,PL_BULK_0459
DISH_BULK_1840,PL_BULK_0626
DISH_BULK_1841,PL_BULK_1446
DISH_BULK_1842,PL_BULK_0099
DISH_BULK_1843,PL_BULK_1318
DISH_BULK_1844,PL_BULK_1073
DISH_BULK_1845,PL_BULK_0763
DISH_BULK_1846,PL_BULK_0358
DISH_BULK_1847,PL_BULK_1043
DISH_BULK_1848,PL_BULK_1369
DISH_BULK_1849,PL_BULK_0988
DISH_BULK_1850,PL_BULK_1099
DISH_BULK_1851,PL_BULK_0285
DISH_BULK_1852,PL_BULK_1225
DISH_BULK_1853,PL_BULK_0549
DISH_BULK_1854,PL_BULK_0630
DISH_BULK_1855,PL_BULK_0809
DISH_BULK_1856,PL_BULK_1282
DISH_BULK_1857,PL_BULK_0629
DISH_BULK_1858,PL_BULK_0196
DISH_BULK_1859,PL_BULK_0167
DISH_BULK_1860,PL_BULK_1041
DISH_BULK_1861,PL_BULK_1319
DISH_BULK_1862,PL_BULK_0106
DISH_BULK_1863,PL_BULK_0059
DISH_BULK_1864,PL_BULK_0235
DISH_BULK_1865,PL_BULK_0335
DISH_BULK_1866,PL_BULK_0034
DISH_BULK_1867,PL_BULK_0383
DISH_BULK_1868,PL_BULK_0189
DISH_BULK_1869,PL_BULK_0964
DISH_BULK_1870,PL_BULK_0362
DISH_BULK_1871,PL_BULK_0172
DISH_BULK_1872,PL_BULK_0035
DISH_BULK_1873,PL_BULK_1139
DISH_BULK_1874,PL_BULK_1284
DISH_BULK_1875,PL_BULK_0765
DISH_BULK_1876,PL_BULK_1317
DISH_BULK_1877,PL_BULK_0973
DISH_BULK_1878,PL_BULK_1046
DISH_BULK_1879,PL_BULK_1247
DISH_BULK_1880,PL_BULK_1406
DISH_BULK_1881,PL_BULK_1178
DISH_BULK_1882,PL_BULK_0494
DISH_BULK_1883,PL_BULK_0070
DISH_BULK_1884,PL_BULK_0720
DISH_BULK_1885,PL_BULK_0422
DISH_BULK_1886,PL_BULK_1210
DISH_BULK_1887,PL_BULK_1440
DISH_BULK_1888,PL_BULK_0115
DISH_BULK_1889,PL_PNR_027
DISH_BULK_1890,PL_BULK_0397
DISH_BULK_1891,PL_BULK_1312
DISH_BULK_1892,PL_BULK_0976
DISH_BULK_1893,PL_BULK_0133
DISH_BULK_1894,PL_BULK_0928
DISH_BULK_1895,PL_BULK_1278
DISH_BULK_1896,PL_BULK_0094
DISH_BULK_1897,PL_BULK_0709
DISH_BULK_1898,PL_BULK_1112
DISH_BULK_1899,PL_BULK_0821
DISH_BULK_1900,PL_BULK_0725
DISH_BULK_1901,PL_BULK_1420
DISH_BULK_1902,PL_BULK_0089
DISH_BULK_1903,PL_BULK_1233
DISH_BULK_1904,PL_BULK_0514
DISH_BULK_1905,PL_BULK_1053
DISH_BULK_1906,PL_BULK_0053
DISH_BULK_1907,PL_BULK_0114
DISH_BULK_1908,PL_BULK_0592
DISH_BULK_1909,PL_BULK_0129
DISH_BULK_1910,PL_BULK_0412
DISH_BULK_1911,PL_BULK_1033
DISH_BULK_1912,PL_BULK_0168
DISH_BULK_1913,PL_BULK_0177
DISH_BULK_1914,PL_BULK_1455
DISH_BULK_1915,PL_BULK_0443
DISH_BULK_1916,PL_BULK_1058
DISH_BULK_1917,PL_BULK_0759
DISH_BULK_1918,PL_BULK_0358
DISH_BULK_1919,PL_BULK_0365
DISH_BULK_1920,PL_BULK_1047
DISH_BULK_1921,PL_BULK_1315
DISH_BULK_1922,PL_BULK_0479
DISH_BULK_1923,PL_BULK_1137
DISH_BULK_1924,PL_BULK_1250
DISH_BULK_1925,PL_BULK_0336
DISH_BULK_1926,PL_BULK_1113
DISH_BULK_1927,PL_BULK_1113
DISH_BULK_1928,PL_BULK_0820
DISH_BULK_1929,PL_BULK_0186
DISH_BULK_1930,PL_BULK_1277
DISH_BULK_1931,PL_BULK_1150
DISH_BULK_1932,PL_BULK_0703
DISH_BULK_1933,PL_BULK_1351
DISH_BULK_1934,PL_BULK_0909
DISH_BULK_1935,PL_BULK_1408
DISH_BULK_1936,PL_BULK_1332
DISH_BULK_1937,PL_BULK_0844
DISH_BULK_1938,PL_BULK_0183
DISH_BULK_1939,PL_BULK_0311
DISH_BULK_1940,PL_BULK_0339
DISH_BULK_1941,PL_BULK_1096
DISH_BULK_1942,PL_BULK_0792
DISH_BULK_1943,PL_BULK_1003
DISH_BULK_1944,PL_BULK_0661
DISH_BULK_1945,PL_BULK_1316
DISH_BULK_1946,PL_BULK_0293
DISH_BULK_1947,PL_BULK_1063
DISH_BULK_1948,PL_BULK_1198
DISH_BULK_1949,PL_BULK_0877
DISH_BULK_1950,PL_BULK_0691
DISH_BULK_1951,PL_BULK_0615
DISH_BULK_1952,PL_BULK_1096
DISH_BULK_1953,PL_BULK_0634
DISH_BULK_1954,PL_BULK_0731
DISH_BULK_1955,PL_BULK_0814
DISH_BULK_1956,PL_BULK_1266
DISH_BULK_1957,PL_BULK_0851
DISH_BULK_1958,PL_BULK_1456
DISH_BULK_1959,PL_BULK_0632
DISH_BULK_1960,PL_BULK_1216
DISH_BULK_1961,PL_BULK_0462
DISH_BULK_1962,PL_BULK_1123
DISH_BULK_1963,PL_BULK_1087
DISH_BULK_1964,PL_BULK_0408
DISH_BULK_1965,PL_BULK_0738
DISH_BULK_1966,PL_BULK_1096
DISH_BULK_1967,PL_BULK_0490
DISH_BULK_1968,PL_BULK_0707
DISH_BULK_1969,PL_BULK_0896
DISH_BULK_1970,PL_BULK_0886
DISH_BULK_1971,PL_BULK_0783
DISH_BULK_1972,PL_PNR_001
DISH_BULK_1973,PL_BULK_1457
DISH_BULK_1974,PL_BULK_0040
DISH_BULK_1975,PL_BULK_0552
DISH_BULK_1976,PL_BULK_1190
DISH_BULK_1977,PL_BULK_0003
DISH_BULK_1978,PL_BULK_1030
DISH_BULK_1979,PL_BULK_0246
DISH_BULK_1980,PL_BULK_0588
DISH_BULK_1981,PL_PNR_014
DISH_BULK_1982,PL_BULK_0585
DISH_BULK_1983,PL_BULK_0424
DISH_BULK_1984,PL_BULK_0409
DISH_BULK_1985,PL_BULK_0614
DISH_BULK_1986,PL_BULK_0014
DISH_BULK_1987,PL_BULK_1382
DISH_BULK_1988,PL_BULK_0535
DISH_BULK_1989,PL_BULK_1103
DISH_BULK_1990,PL_BULK_1017
DISH_BULK_1991,PL_BULK_1109
DISH_BULK_1992,PL_BULK_1138
DISH_BULK_1993,PL_BULK_1140
DISH_BULK_1994,PL_BULK_0286
DISH_BULK_1995,PL_BULK_0163
DISH_BULK_1996,PL_BULK_0047
DISH_BULK_1997,PL_BULK_0912
DISH_BULK_1998,PL_BULK_0698
DISH_BULK_1999,PL_BULK_0289
DISH_BULK_2000,PL_BULK_0253
DISH_BULK_2001,PL_BULK_0512
DISH_BULK_2002,PL_BULK_0721
DISH_BULK_2003,PL_BULK_1162
DISH_BULK_2004,PL_BULK_0481
DISH_BULK_2005,PL_BULK_0447
DISH_BULK_2006,PL_BULK_0494
DISH_BULK_2007,PL_BULK_0585
DISH_BULK_2008,PL_BULK_0158
DISH_BULK_2009,PL_BULK_1138
DISH_BULK_2010,PL_BULK_0788
DISH_BULK_2011,PL_BULK_1135
DISH_BULK_2012,PL_BULK_0415
DISH_BULK_2013,PL_BULK_0128
DISH_BULK_2014,PL_BULK_1451
DISH_BULK_2015,PL_BULK_0634
DISH_BULK_2016,PL_BULK_0958
DISH_BULK_2017,PL_BULK_0324
DISH_BULK_2018,PL_BULK_0969
DISH_BULK_2019,PL_BULK_1382
DISH_BULK_2020,PL_BULK_1409
DISH_BULK_2021,PL_BULK_1150
DISH_BULK_2022,PL_BULK_0165
DISH_BULK_2023,PL_BULK_1189
DISH_BULK_2024,PL_BULK_1285
DISH_BULK_2025,PL_BULK_0585
DISH_BULK_2026,PL_BULK_0046
DISH_BULK_2027,PL_BULK_1466
DISH_BULK_2028,PL_BULK_1150
DISH_BULK_2029,PL_BULK_0751
DISH_BULK_2030,PL_BULK_0130
DISH_BULK_2031,PL_BULK_0084
DISH_BULK_2032,PL_BULK_0654
DISH_BULK_2033,PL_BULK_0682
DISH_BULK_2034,PL_BULK_0859
DISH_BULK_2035,PL_BULK_0823
DISH_BULK_2036,PL_BULK_0216
DISH_BULK_2037,PL_BULK_0434
DISH_BULK_2038,PL_BULK_1306
DISH_BULK_2039,PL_BULK_1203
DISH_BULK_2040,PL_PNR_024
DISH_BULK_2041,PL_BULK_1268
DISH_BULK_2042,PL_BULK_1264
DISH_BULK_2043,PL_BULK_0753
DISH_BULK_2044,PL_BULK_0080
DISH_BULK_2045,PL_BULK_0594
DISH_BULK_2046,PL_BULK_1043
DISH_BULK_2047,PL_BULK_0054
DISH_BULK_2048,PL_BULK_0623
DISH_BULK_2049,PL_BULK_1075
DISH_BULK_2050,PL_BULK_1126
DISH_BULK_2051,PL_BULK_0276
DISH_BULK_2052,PL_BULK_0639
DISH_BULK_2053,PL_BULK_0998
DISH_BULK_2054,PL_BULK_1399
DISH_BULK_2055,PL_BULK_0422
DISH_BULK_2056,PL_BULK_0283
DISH_BULK_2057,PL_BULK_0073
DISH_BULK_2058,PL_BULK_1349
DISH_BULK_2059,PL_BULK_1468
DISH_BULK_2060,PL_BULK_0774
DISH_BULK_2061,PL_BULK_0882
DISH_BULK_2062,PL_BULK_1188
DISH_BULK_2063,PL_BULK_1148
DISH_BULK_2064,PL_BULK_1003
DISH_BULK_2065,PL_BULK_0154
DISH_BULK_2066,PL_BULK_0424
DISH_BULK_2067,PL_BULK_0854
DISH_BULK_2068,PL_BULK_0563
DISH_BULK_2069,PL_BULK_0777
DISH_BULK_2070,PL_BULK_0273
DISH_BULK_2071,PL_BULK_0240
DISH_BULK_2072,PL_BULK_0658
DISH_BULK_2073,PL_BULK_0139
DISH_BULK_2074,PL_BULK_0944
DISH_BULK_2075,PL_BULK_1140
DISH_BULK_2076,PL_BULK_0070
DISH_BULK_2077,PL_BULK_1092
DISH_BULK_2078,PL_BULK_0787
DISH_BULK_2079,PL_BULK_0507
DISH_BULK_2080,PL_BULK_0144
DISH_BULK_2081,PL_BULK_0786
DISH_BULK_2082,PL_BULK_0997
DISH_BULK_2083,PL_BULK_0859
DISH_BULK_2084,PL_BULK_1399
DISH_BULK_2085,PL_BULK_0237
DISH_BULK_2086,PL_BULK_0246
DISH_BULK_2087,PL_BULK_0954
DISH_BULK_2088,PL_BULK_1115
DISH_BULK_2089,PL_BULK_0375
DISH_BULK_2090,PL_BULK_0969
DISH_BULK_2091,PL_BULK_0779
DISH_BULK_2092,PL_BULK_1305
DISH_BULK_2093,PL_BULK_1140
DISH_BULK_2094,PL_BULK_0371
DISH_BULK_2095,PL_BULK_1119
DISH_BULK_2096,PL_BULK_1231
DISH_BULK_2097,PL_BULK_1043
DISH_BULK_2098,PL_BULK_0474
DISH_BULK_2099,PL_BULK_0466
DISH_BULK_2100,PL_BULK_0116
DISH_BULK_2101,PL_BULK_0515
DISH_BULK_2102,PL_BULK_0850
DISH_BULK_2103,PL_BULK_0632
DISH_BULK_2104,PL_BULK_1372
DISH_BULK_2105,PL_BULK_1149
DISH_BULK_2106,PL_BULK_0153
DISH_BULK_2107,PL_BULK_0200
DISH_BULK_2108,PL_BULK_1345
DISH_BULK_2109,PL_BULK_0817
DISH_BULK_2110,PL_BULK_0837
DISH_BULK_2111,PL_BULK_0718
DISH_BULK_2112,PL_BULK_0683
DISH_BULK_2113,PL_BULK_0360
DISH_BULK_2114,PL_BULK_0626
DISH_BULK_2115,PL_BULK_0675
DISH_BULK_2116,PL_BULK_1186
DISH_BULK_2117,PL_BULK_1312
DISH_BULK_2118,PL_BULK_0019
DISH_BULK_2119,PL_BULK_0594
DISH_BULK_2120,PL_BULK_0316
DISH_BULK_2121,PL_BULK_0686
DISH_BULK_2122,PL_BULK_1232
DISH_BULK_2123,PL_BULK_0875
DISH_BULK_2124,PL_BULK_1246
DISH_BULK_2125,PL_BULK_0268
DISH_BULK_2126,PL_BULK_0872
DISH_BULK_2127,PL_BULK_0061
DISH_BULK_2128,PL_BULK_0448
DISH_BULK_2129,PL_BULK_0378
DISH_BULK_2130,PL_BULK_1373
DISH_BULK_2131,PL_BULK_0735
DISH_BULK_2132,PL_BULK_0289
DISH_BULK_2133,PL_BULK_1461
DISH_BULK_2134,PL_BULK_0145
DISH_BULK_2135,PL_BULK_0200
DISH_BULK_2136,PL_BULK_0081
DISH_BULK_2137,PL_BULK_0467
DISH_BULK_2138,PL_BULK_1241
DISH_BULK_2139,PL_BULK_0272
DISH_BULK_2140,PL_BULK_0559
DISH_BULK_2141,PL_PNR_029
DISH_BULK_2142,PL_BULK_0673
DISH_BULK_2143,PL_BULK_1390
DISH_BULK_2144,PL_BULK_0197
DISH_BULK_2145,PL_BULK_0594
DISH_BULK_2146,PL_BULK_0891
DISH_BULK_2147,PL_BULK_0934
DISH_BULK_2148,PL_BULK_0016
DISH_BULK_2149,PL_BULK_0649
DISH_BULK_2150,PL_BULK_0398
DISH_BULK_2151,PL_BULK_1071
DISH_BULK_2152,PL_BULK_0403
DISH_BULK_2153,PL_BULK_0387
DISH_BULK_2154,PL_BULK_1089
DISH_BULK_2155,PL_BULK_1041
DISH_BULK_2156,PL_BULK_0499
DISH_BULK_2157,PL_BULK_1093
DISH_BULK_2158,PL_BULK_0959
DISH_BULK_2159,PL_BULK_1245
DISH_BULK_2160,PL_BULK_1464
DISH_BULK_2161,PL_BULK_0259
DISH_BULK_2162,PL_BULK_1393
DISH_BULK_2163,PL_BULK_1401
DISH_BULK_2164,PL_BULK_1338
DISH_BULK_2165,PL_BULK_0007
DISH_BULK_2166,PL_BULK_0741
DISH_BULK_2167,PL_BULK_1163
DISH_BULK_2168,PL_BULK_1328
DISH_BULK_2169,PL_BULK_1048
DISH_BULK_2170,PL_BULK_0059
DISH_BULK_2171,PL_BULK_0493
DISH_BULK_2172,PL_BULK_0318
DISH_BULK_2173,PL_BULK_0093
DISH_BULK_2174,PL_BULK_0551
DISH_BULK_2175,PL_BULK_0381
DISH_BULK_2176,PL_BULK_1396
DISH_BULK_2177,PL_BULK_1235
DISH_BULK_2178,PL_BULK_0525
DISH_BULK_2179,PL_BULK_0078
DISH_BULK_2180,PL_BULK_0922
DISH_BULK_2181,PL_BULK_1310
DISH_BULK_2182,PL_PNR_018
DISH_BULK_2183,PL_BULK_0106
DISH_BULK_2184,PL_BULK_0765
DISH_BULK_2185,PL_BULK_1322
DISH_BULK_2186,PL_BULK_0525
DISH_BULK_2187,PL_BULK_1327
DISH_BULK_2188,PL_BULK_1321
DISH_BULK_2189,PL_BULK_0707
DISH_BULK_2190,PL_BULK_0190
DISH_BULK_2191,PL_BULK_0009
DISH_BULK_2192,PL_BULK_0569
DISH_BULK_2193,PL_BULK_1299
DISH_BULK_2194,PL_BULK_0761
DISH_BULK_2195,PL_BULK_0443
DISH_BULK_2196,PL_BULK_0749
DISH_BULK_2197,PL_BULK_1011
DISH_BULK_2198,PL_BULK_1423
DISH_BULK_2199,PL_BULK_0173
DISH_BULK_2200,PL_BULK_0616
DISH_BULK_2201,PL_BULK_0962
DISH_BULK_2202,PL_BULK_1192
DISH_BULK_2203,PL_BULK_1058
DISH_BULK_2204,PL_BULK_0150
DISH_BULK_2205,PL_BULK_0351
DISH_BULK_2206,PL_BULK_0377
DISH_BULK_2207,PL_BULK_0995
DISH_BULK_2208,PL_BULK_0907
DISH_BULK_2209,PL_BULK_1118
DISH_BULK_2210,PL_BULK_1429
DISH_BULK_2211,PL_BULK_0014
DISH_BULK_2212,PL_BULK_0051
DISH_BULK_2213,PL_BULK_0476
DISH_BULK_2214,PL_BULK_1054
DISH_BULK_2215,PL_BULK_0594
DISH_BULK_2216,PL_BULK_0653
DISH_BULK_2217,PL_BULK_0973
DISH_BULK_2218,PL_BULK_0775
DISH_BULK_2219,PL_BULK_0291
DISH_BULK_2220,PL_BULK_0007
DISH_BULK_2221,PL_BULK_0680
DISH_BULK_2222,PL_BULK_1371
DISH_BULK_2223,PL_BULK_0690
DISH_BULK_2224,PL_BULK_0697
DISH_BULK_2225,PL_BULK_1250
DISH_BULK_2226,PL_BULK_0589
DISH_BULK_2227,PL_BULK_0453
DISH_BULK_2228,PL_BULK_0996
DISH_BULK_2229,PL_BULK_0534
DISH_BULK_2230,PL_BULK_0096
DISH_BULK_2231,PL_BULK_1251
DISH_BULK_2232,PL_BULK_0497
DISH_BULK_2233,PL_BULK_0762
DISH_BULK_2234,PL_BULK_0030
DISH_BULK_2235,PL_BULK_1106
DISH_BULK_2236,PL_BULK_0543
DISH_BULK_2237,PL_BULK_0431
DISH_BULK_2238,PL_BULK_0280
DISH_BULK_2239,PL_BULK_0669
DISH_BULK_2240,PL_BULK_0774
DISH_BULK_2241,PL_BULK_1315
DISH_BULK_2242,PL_BULK_0251
DISH_BULK_2243,PL_BULK_0149
DISH_BULK_2244,PL_BULK_1464
DISH_BULK_2245,PL_BULK_0752
DISH_BULK_2246,PL_BULK_1036
DISH_BULK_2247,PL_BULK_1358
DISH_BULK_2248,PL_BULK_1224
DISH_BULK_2249,PL_BULK_1251
DISH_BULK_2250,PL_BULK_1375
DISH_BULK_2251,PL_BULK_0435
DISH_BULK_2252,PL_BULK_0824
DISH_BULK_2253,PL_BULK_0462
DISH_BULK_2254,PL_BULK_1143
DISH_BULK_2255,PL_BULK_0282
DISH_BULK_2256,PL_BULK_0843
DISH_BULK_2257,PL_BULK_0609
DISH_BULK_2258,PL_BULK_1209
DISH_BULK_2259,PL_BULK_0644
DISH_BULK_2260,PL_BULK_0889
DISH_BULK_2261,PL_BULK_1080
DISH_BULK_2262,PL_BULK_0239
DISH_BULK_2263,PL_BULK_0393
DISH_BULK_2264,PL_BULK_1306
DISH_BULK_2265,PL_BULK_0253
DISH_BULK_2266,PL_BULK_1159
DISH_BULK_2267,PL_BULK_1078
DISH_BULK_2268,PL_BULK_1370
DISH_BULK_2269,PL_BULK_0384
DISH_BULK_2270,PL_BULK_0252
DISH_BULK_2271,PL_BULK_0602
DISH_BULK_2272,PL_BULK_1380
DISH_BULK_2273,PL_BULK_1414
DISH_BULK_2274,PL_BULK_1042
DISH_BULK_2275,PL_BULK_0246
DISH_BULK_2276,PL_BULK_0850
DISH_BULK_2277,PL_BULK_0267
DISH_BULK_2278,PL_BULK_1313
DISH_BULK_2279,PL_BULK_1126
DISH_BULK_2280,PL_BULK_0293
DISH_BULK_2281,PL_BULK_0620
DISH_BULK_2282,PL_BULK_0108
DISH_BULK_2283,PL_BULK_1111
DISH_BULK_2284,PL_BULK_1061
DISH_BULK_2285,PL_BULK_1443
DISH_BULK_2286,PL_BULK_0212
DISH_BULK_2287,PL_BULK_0347
DISH_BULK_2288,PL_BULK_0620
DISH_BULK_2289,PL_BULK_0268
DISH_BULK_2290,PL_BULK_1459
DISH_BULK_2291,PL_BULK_0030
DISH_BULK_2292,PL_BULK_0622
DISH_BULK_2293,PL_BULK_0817
DISH_BULK_2294,PL_BULK_0812
DISH_BULK_2295,PL_BULK_0591
DISH_BULK_2296,PL_BULK_0877
DISH_BULK_2297,PL_BULK_1274
DISH_BULK_2298,PL_BULK_0530
DISH_BULK_2299,PL_BULK_0281
DISH_BULK_2300,PL_BULK_0354
DISH_BULK_2301,PL_BULK_0188
DISH_BULK_2302,PL_BULK_0239
DISH_BULK_2303,PL_BULK_0348
DISH_BULK_2304,PL_BULK_0023
DISH_BULK_2305,PL_BULK_1223
DISH_BULK_2306,PL_BULK_1233
DISH_BULK_2307,PL_BULK_0516
DISH_BULK_2308,PL_BULK_1210
DISH_BULK_2309,PL_BULK_1131
DISH_BULK_2310,PL_BULK_1224
DISH_BULK_2311,PL_BULK_0442
DISH_BULK_2312,PL_BULK_1191
DISH_BULK_2313,PL_BULK_0445
DISH_BULK_2314,PL_BULK_0442
DISH_BULK_2315,PL_BULK_1377
DISH_BULK_2316,PL_BULK_0023
DISH_BULK_2317,PL_BULK_0705
DISH_BULK_2318,PL_BULK_0132
DISH_BULK_2319,PL_BULK_1379
DISH_BULK_2320,PL_BULK_0946
DISH_BULK_2321,PL_BULK_0244
DISH_BULK_2322,PL_BULK_0998
DISH_BULK_2323,PL_BULK_1208
DISH_BULK_2324,PL_BULK_0930
DISH_BULK_2325,PL_BULK_1428
DISH_BULK_2326,PL_BULK_1300
DISH_BULK_2327,PL_BULK_0735
DISH_BULK_2328,PL_BULK_0346
DISH_BULK_2329,PL_BULK_0763
DISH_BULK_2330,PL_BULK_0976
DISH_BULK_2331,PL_BULK_0940
DISH_BULK_2332,PL_BULK_0251
DISH_BULK_2333,PL_BULK_0305
DISH_BULK_2334,PL_BULK_0365
DISH_BULK_2335,PL_BULK_0433
DISH_BULK_2336,PL_BULK_0036
DISH_BULK_2337,PL_BULK_0806
DISH_BULK_2338,PL_PNR_031
DISH_BULK_2339,PL_BULK_0522
DISH_BULK_2340,PL_BULK_0815
DISH_BULK_2341,PL_BULK_0425
DISH_BULK_2342,PL_BULK_1344
DISH_BULK_2343,PL_BULK_0385
DISH_BULK_2344,PL_BULK_0388
DISH_BULK_2345,PL_BULK_0105
DISH_BULK_2346,PL_BULK_0332
DISH_BULK_2347,PL_BULK_0869
DISH_BULK_2348,PL_BULK_1233
DISH_BULK_2349,PL_BULK_0973
DISH_BULK_2350,PL_BULK_1378
DISH_BULK_2351,PL_BULK_0635
DISH_BULK_2352,PL_BULK_0907
DISH_BULK_2353,PL_BULK_0475
DISH_BULK_2354,PL_BULK_0845
DISH_BULK_2355,PL_BULK_0799
DISH_BULK_2356,PL_BULK_0055
DISH_BULK_2357,PL_BULK_1215
DISH_BULK_2358,PL_BULK_0749
DISH_BULK_2359,PL_BULK_1444
DISH_BULK_2360,PL_BULK_0610
DISH_BULK_2361,PL_BULK_0777
DISH_BULK_2362,PL_BULK_1222
DISH_BULK_2363,PL_BULK_1141
DISH_BULK_2364,PL_BULK_1186
DISH_BULK_2365,PL_BULK_1068
DISH_BULK_2366,PL_BULK_1045
DISH_BULK_2367,PL_BULK_1283
DISH_BULK_2368,PL_BULK_1412
DISH_BULK_2369,PL_BULK_0048
DISH_BULK_2370,PL_BULK_1036
DISH_BULK_2371,PL_BULK_0193
DISH_BULK_2372,PL_BULK_0894
DISH_BULK_2373,PL_BULK_0905
DISH_BULK_2374,PL_BULK_0056
DISH_BULK_2375,PL_BULK_0473
DISH_BULK_2376,PL_BULK_1032
DISH_BULK_2377,PL_BULK_1071
DISH_BULK_2378,PL_BULK_0780
DISH_BULK_2379,PL_BULK_0050
DISH_BULK_2380,PL_BULK_1112
DISH_BULK_2381,PL_BULK_0763
DISH_BULK_2382,PL_BULK_1027
DISH_BULK_2383,PL_BULK_1261
DISH_BULK_2384,PL_BULK_0070
DISH_BULK_2385,PL_BULK_0358
DISH_BULK_2386,PL_BULK_0566
DISH_BULK_2387,PL_BULK_0870
DISH_BULK_2388,PL_BULK_0785
DISH_BULK_2389,PL_BULK_0593
DISH_BULK_2390,PL_BULK_0555
DISH_BULK_2391,PL_BULK_0914
DISH_BULK_2392,PL_BULK_0310
DISH_BULK_2393,PL_BULK_0835
DISH_BULK_2394,PL_BULK_0572
DISH_BULK_2395,PL_BULK_1225
DISH_BULK_2396,PL_BULK_0081
DISH_BULK_2397,PL_BULK_1383
DISH_BULK_2398,PL_BULK_1028
DISH_BULK_2399,PL_BULK_0261
DISH_BULK_2400,PL_BULK_0919
DISH_BULK_2401,PL_BULK_1293
DISH_BULK_2402,PL_BULK_0895
DISH_BULK_2403,PL_BULK_0155
DISH_BULK_2404,PL_BULK_1449
DISH_BULK_2405,PL_BULK_0995
DISH_BULK_2406,PL_BULK_0201
DISH_BULK_2407,PL_BULK_0338
DISH_BULK_2408,PL_BULK_1168
DISH_BULK_2409,PL_BULK_1395
DISH_BULK_2410,PL_BULK_1089
DISH_BULK_2411,PL_BULK_0247
DISH_BULK_2412,PL_BULK_0775
DISH_BULK_2413,PL_BULK_0816
DISH_BULK_2414,PL_BULK_0632
DISH_BULK_2415,PL_BULK_0893
DISH_BULK_2416,PL_BULK_0021
DISH_BULK_2417,PL_BULK_0336
DISH_BULK_2418,PL_BULK_0899
DISH_BULK_2419,PL_BULK_1178
DISH_BULK_2420,PL_BULK_1429
DISH_BULK_2421,PL_BULK_0383
DISH_BULK_2422,PL_BULK_0901
DISH_BULK_2423,PL_BULK_0154
DISH_BULK_2424,PL_BULK_0482
DISH_BULK_2425,PL_BULK_0633
DISH_BULK_2426,PL_BULK_1386
DISH_BULK_2427,PL_BULK_1298
DISH_BULK_2428,PL_BULK_1427
DISH_BULK_2429,PL_BULK_0305
DISH_BULK_2430,PL_BULK_1441
DISH_BULK_2431,PL_BULK_0223
DISH_BULK_2432,PL_BULK_0156
DISH_BULK_2433,PL_BULK_0203
DISH_BULK_2434,PL_BULK_1416
DISH_BULK_2435,PL_BULK_0890
DISH_BULK_2436,PL_BULK_1268
DISH_BULK_2437,PL_BULK_0713
DISH_BULK_2438,PL_BULK_0144
DISH_BULK_2439,PL_BULK_1042
DISH_BULK_2440,PL_BULK_1418
DISH_BULK_2441,PL_BULK_0756
DISH_BULK_2442,PL_BULK_1458
DISH_BULK_2443,PL_BULK_1017
DISH_BULK_2444,PL_BULK_1223
DISH_BULK_2445,PL_BULK_0297
DISH_BULK_2446,PL_BULK_0745
DISH_BULK_2447,PL_BULK_1097
DISH_BULK_2448,PL_BULK_0749
DISH_BULK_2449,PL_BULK_0059
DISH_BULK_2450,PL_BULK_0319
DISH_BULK_2451,PL_BULK_0656
DISH_BULK_2452,PL_BULK_1128
DISH_BULK_2453,PL_BULK_1320
DISH_BULK_2454,PL_BULK_0277
DISH_BULK_2455,PL_BULK_0302
DISH_BULK_2456,PL_BULK_0266
DISH_BULK_2457,PL_BULK_0336
DISH_BULK_2458,PL_BULK_1428
DISH_BULK_2459,PL_BULK_0075
DISH_BULK_2460,PL_BULK_0829
DISH_BULK_2461,PL_BULK_0600
DISH_BULK_2462,PL_BULK_0603
DISH_BULK_2463,PL_BULK_1465
DISH_BULK_2464,PL_BULK_0883
DISH_BULK_2465,PL_BULK_0561
DISH_BULK_2466,PL_BULK_1252
DISH_BULK_2467,PL_BULK_0340
DISH_BULK_2468,PL_BULK_0210
DISH_BULK_2469,PL_BULK_0239
DISH_BULK_2470,PL_BULK_0385
DISH_BULK_2471,PL_PNR_008
DISH_BULK_2472,PL_BULK_1245
DISH_BULK_2473,PL_BULK_0488
DISH_BULK_2474,PL_PNR_026
DISH_BULK_2475,PL_BULK_0909
DISH_BULK_2476,PL_BULK_0989
DISH_BULK_2477,PL_BULK_0991
DISH_BULK_2478,PL_BULK_1083
DISH_BULK_2479,PL_PNR_012
DISH_BULK_2480,PL_BULK_1215
DISH_BULK_2481,PL_BULK_0980
DISH_BULK_2482,PL_BULK_0457
DISH_BULK_2483,PL_BULK_0414
DISH_BULK_2484,PL_BULK_1175
DISH_BULK_2485,PL_BULK_1320
DISH_BULK_2486,PL_BULK_0944
DISH_BULK_2487,PL_BULK_0899
DISH_BULK_2488,PL_BULK_0809
DISH_BULK_2489,PL_BULK_0874
DISH_BULK_2490,PL_BULK_0132
DISH_BULK_2491,PL_BULK_1201
DISH_BULK_2492,PL_BULK_1199
DISH_BULK_2493,PL_PNR_014
DISH_BULK_2494,PL_BULK_0471
DISH_BULK_2495,PL_BULK_1090
DISH_BULK_2496,PL_BULK_0539
DISH_BULK_2497,PL_BULK_1239
DISH_BULK_2498,PL_BULK_1257
DISH_BULK_2499,PL_BULK_1111
DISH_BULK_2500,PL_BULK_0395
DISH_BULK_2501,PL_BULK_0070
DISH_BULK_2502,PL_BULK_0348
DISH_BULK_2503,PL_BULK_0273
DISH_BULK_2504,PL_BULK_0082
DISH_BULK_2505,PL_BULK_1307
DISH_BULK_2506,PL_BULK_0684
DISH_BULK_2507,PL_BULK_0045
DISH_BULK_2508,PL_BULK_0267
DISH_BULK_2509,PL_BULK_0036
DISH_BULK_2510,PL_BULK_1336
DISH_BULK_2511,PL_BULK_1153
DISH_BULK_2512,PL_BULK_1205
DISH_BULK_2513,PL_BULK_0581
DISH_BULK_2514,PL_BULK_0648
DISH_BULK_2515,PL_BULK_0149
DISH_BULK_2516,PL_BULK_0070
DISH_BULK_2517,PL_BULK_0193
DISH_BULK_2518,PL_BULK_0823
DISH_BULK_2519,PL_BULK_0335
DISH_BULK_2520,PL_BULK_0300
DISH_BULK_2521,PL_BULK_1346
DISH_BULK_2522,PL_BULK_0552
DISH_BULK_2523,PL_BULK_1221
DISH_BULK_2524,PL_BULK_1323
DISH_BULK_2525,PL_BULK_1386
DISH_BULK_2526,PL_BULK_1403
DISH_BULK_2527,PL_BULK_1188
DISH_BULK_2528,PL_BULK_1142
DISH_BULK_2529,PL_BULK_1121
DISH_BULK_2530,PL_BULK_0333
DISH_BULK_2531,PL_BULK_0902
DISH_BULK_2532,PL_BULK_1155
DISH_BULK_2533,PL_BULK_0707
DISH_BULK_2534,PL_BULK_0043
DISH_BULK_2535,PL_BULK_0160
DISH_BULK_2536,PL_BULK_0582
DISH_BULK_2537,PL_BULK_0631
DISH_BULK_2538,PL_BULK_0724
DISH_BULK_2539,PL_BULK_0746
DISH_BULK_2540,PL_BULK_0108
DISH_BULK_2541,PL_BULK_0845
DISH_BULK_2542,PL_BULK_1097
DISH_BULK_2543,PL_BULK_0102
DISH_BULK_2544,PL_BULK_0569
DISH_BULK_2545,PL_BULK_0934
DISH_BULK_2546,PL_BULK_0245
DISH_BULK_2547,PL_BULK_0219
DISH_BULK_2548,PL_BULK_1392
DISH_BULK_2549,PL_BULK_0532
DISH_BULK_2550,PL_BULK_0644
DISH_BULK_2551,PL_BULK_1049
DISH_BULK_2552,PL_BULK_0817
DISH_BULK_2553,PL_BULK_1044
DISH_BULK_2554,PL_BULK_0399
DISH_BULK_2555,PL_BULK_1395
DISH_BULK_2556,PL_BULK_0398
DISH_BULK_2557,PL_BULK_1223
DISH_BULK_2558,PL_BULK_0089
DISH_BULK_2559,PL_BULK_0193
DISH_BULK_2560,PL_BULK_1140
DISH_BULK_2561,PL_BULK_1464
DISH_BULK_2562,PL_BULK_1258
DISH_BULK_2563,PL_BULK_1053
DISH_BULK_2564,PL_BULK_0149
DISH_BULK_2565,PL_BULK_0960
DISH_BULK_2566,PL_BULK_1452
DISH_BULK_2567,PL_BULK_1380
DISH_BULK_2568,PL_BULK_1208
DISH_BULK_2569,PL_BULK_1417
DISH_BULK_2570,PL_BULK_0558
DISH_BULK_2571,PL_BULK_0844
DISH_BULK_2572,PL_BULK_1216
DISH_BULK_2573,PL_BULK_0618
DISH_BULK_2574,PL_BULK_0501
DISH_BULK_2575,PL_BULK_1046
DISH_BULK_2576,PL_BULK_1147
DISH_BULK_2577,PL_BULK_1246
DISH_BULK_2578,PL_BULK_0694
DISH_BULK_2579,PL_BULK_0235
DISH_BULK_2580,PL_BULK_1228
DISH_BULK_2581,PL_BULK_1122
DISH_BULK_2582,PL_BULK_0986
DISH_BULK_2583,PL_BULK_1034
DISH_BULK_2584,PL_BULK_1463
DISH_BULK_2585,PL_BULK_1264
DISH_BULK_2586,PL_BULK_0989
DISH_BULK_2587,PL_BULK_0978
DISH_BULK_2588,PL_BULK_0338
DISH_BULK_2589,PL_BULK_1218
DISH_BULK_2590,PL_BULK_0446
DISH_BULK_2591,PL_BULK_1421
DISH_BULK_2592,PL_BULK_0564
DISH_BULK_2593,PL_BULK_0366
DISH_BULK_2594,PL_PNR_004
DISH_BULK_2595,PL_BULK_0212
DISH_BULK_2596,PL_BULK_0019
DISH_BULK_2597,PL_BULK_0922
DISH_BULK_2598,PL_BULK_1250
DISH_BULK_2599,PL_BULK_0211
DISH_BULK_2600,PL_BULK_0394
DISH_BULK_2601,PL_BULK_1230
DISH_BULK_2602,PL_BULK_0819
DISH_BULK_2603,PL_BULK_0817
DISH_BULK_2604,PL_BULK_0063
DISH_BULK_2605,PL_BULK_0653
DISH_BULK_2606,PL_BULK_0686
DISH_BULK_2607,PL_BULK_1117
DISH_BULK_2608,PL_BULK_1275
DISH_BULK_2609,PL_BULK_0404
DISH_BULK_2610,PL_PNR_024
DISH_BULK_2611,PL_BULK_1281
DISH_BULK_2612,PL_BULK_0382
DISH_BULK_2613,PL_BULK_1383
DISH_BULK_2614,PL_BULK_0546
DISH_BULK_2615,PL_BULK_0491
DISH_BULK_2616,PL_BULK_0108
DISH_BULK_2617,PL_BULK_0600
DISH_BULK_2618,PL_BULK_0584
DISH_BULK_2619,PL_BULK_1007
DISH_BULK_2620,PL_BULK_1096
DISH_BULK_2621,PL_BULK_0633
DISH_BULK_2622,PL_PNR_013
DISH_BULK_2623,PL_BULK_0203
DISH_BULK_2624,PL_BULK_1374
DISH_BULK_2625,PL_BULK_0652
DISH_BULK_2626,PL_BULK_0669
DISH_BULK_2627,PL_BULK_0781
DISH_BULK_2628,PL_BULK_1453
DISH_BULK_2629,PL_BULK_1135
DISH_BULK_2630,PL_BULK_1231
DISH_BULK_2631,PL_BULK_0029
DISH_BULK_2632,PL_BULK_0329
DISH_BULK_2633,PL_BULK_0367
DISH_BULK_2634,PL_BULK_0646
DISH_BULK_2635,PL_BULK_0662
DISH_BULK_2636,PL_BULK_1347
DISH_BULK_2637,PL_BULK_0951
DISH_BULK_2638,PL_BULK_0941
DISH_BULK_2639,PL_BULK_0042
DISH_BULK_2640,PL_BULK_1292
DISH_BULK_2641,PL_BULK_0248
DISH_BULK_2642,PL_BULK_0956
DISH_BULK_2643,PL_BULK_0288
DISH_BULK_2644,PL_BULK_1254
DISH_BULK_2645,PL_BULK_0913
DISH_BULK_2646,PL_BULK_1069
DISH_BULK_2647,PL_BULK_0656
DISH_BULK_2648,PL_BULK_0917
DISH_BULK_2649,PL_BULK_0817
DISH_BULK_2650,PL_BULK_0084
DISH_BULK_2651,PL_BULK_1037
DISH_BULK_2652,PL_BULK_0583
DISH_BULK_2653,PL_BULK_1127
DISH_BULK_2654,PL_BULK_1454
DISH_BULK_2655,PL_BULK_1358
DISH_BULK_2656,PL_BULK_0616
DISH_BULK_2657,PL_BULK_1107
DISH_BULK_2658,PL_BULK_1067
DISH_BULK_2659,PL_BULK_0008
DISH_BULK_2660,PL_BULK_0396
DISH_BULK_2661,PL_BULK_1152
DISH_BULK_2662,PL_BULK_1373
DISH_BULK_2663,PL_BULK_0649
DISH_BULK_2664,PL_BULK_0694
DISH_BULK_2665,PL_BULK_0105
DISH_BULK_2666,PL_BULK_0275
DISH_BULK_2667,PL_BULK_0544
DISH_BULK_2668,PL_BULK_0033
DISH_BULK_2669,PL_BULK_0664
DISH_BULK_2670,PL_BULK_0738
DISH_BULK_2671,PL_BULK_1253
DISH_BULK_2672,PL_BULK_1064
DISH_BULK_2673,PL_BULK_0309
DISH_BULK_2674,PL_BULK_1139
DISH_BULK_2675,PL_BULK_1210
DISH_BULK_2676,PL_BULK_0767
DISH_BULK_2677,PL_BULK_0353
DISH_BULK_2678,PL_BULK_1188
DISH_BULK_2679,PL_BULK_0209
DISH_BULK_2680,PL_BULK_0601
DISH_BULK_2681,PL_BULK_1414
DISH_BULK_2682,PL_BULK_0614
DISH_BULK_2683,PL_BULK_1423
DISH_BULK_2684,PL_BULK_0034
DISH_BULK_2685,PL_BULK_0526
DISH_BULK_2686,PL_BULK_0817
DISH_BULK_2687,PL_BULK_0147
DISH_BULK_2688,PL_BULK_0987
DISH_BULK_2689,PL_BULK_0456
DISH_BULK_2690,PL_BULK_0731
DISH_BULK_2691,PL_BULK_0895
DISH_BULK_2692,PL_BULK_0589
DISH_BULK_2693,PL_BULK_0412
DISH_BULK_2694,PL_BULK_1045
DISH_BULK_2695,PL_BULK_0589
DISH_BULK_2696,PL_BULK_0328
DISH_BULK_2697,PL_BULK_0199
DISH_BULK_2698,PL_BULK_0736
DISH_BULK_2699,PL_BULK_0046
DISH_BULK_2700,PL_BULK_0383
DISH_BULK_2701,PL_BULK_0159
DISH_BULK_2702,PL_BULK_0878
DISH_BULK_2703,PL_BULK_1006
DISH_BULK_2704,PL_BULK_0021
DISH_BULK_2705,PL_BULK_0958
DISH_BULK_2706,PL_BULK_0994
DISH_BULK_2707,PL_BULK_0285
DISH_BULK_2708,PL_BULK_0359
DISH_BULK_2709,PL_BULK_0666
DISH_BULK_2710,PL_BULK_0960
DISH_BULK_2711,PL_BULK_1042
DISH_BULK_2712,PL_BULK_0605
DISH_BULK_2713,PL_BULK_0640
DISH_BULK_2714,PL_BULK_0263
DISH_BULK_2715,PL_BULK_0171
DISH_BULK_2716,PL_BULK_1027
DISH_BULK_2717,PL_BULK_1355
DISH_BULK_2718,PL_BULK_0241
DISH_BULK_2719,PL_BULK_0390
DISH_BULK_2720,PL_BULK_1453
DISH_BULK_2721,PL_BULK_0044
DISH_BULK_2722,PL_BULK_0910
DISH_BULK_2723,PL_BULK_0763
DISH_BULK_2724,PL_BULK_1431
DISH_BULK_2725,PL_BULK_1039
DISH_BULK_2726,PL_BULK_0207
DISH_BULK_2727,PL_PNR_009
DISH_BULK_2728,PL_BULK_0606
DISH_BULK_2729,PL_BULK_0060
DISH_BULK_2730,PL_BULK_1377
DISH_BULK_2731,PL_BULK_1187
DISH_BULK_2732,PL_BULK_0148
DISH_BULK_2733,PL_BULK_0652
DISH_BULK_2734,PL_BULK_0926
DISH_BULK_2735,PL_BULK_0064
DISH_BULK_2736,PL_BULK_0181
DISH_BULK_2737,PL_BULK_1036
DISH_BULK_2738,PL_BULK_1319
DISH_BULK_2739,PL_BULK_0609
DISH_BULK_2740,PL_BULK_0016
DISH_BULK_2741,PL_BULK_1152
DISH_BULK_2742,PL_BULK_0609
DISH_BULK_2743,PL_BULK_1278
DISH_BULK_2744,PL_BULK_0399
DISH_BULK_2745,PL_BULK_0627
DISH_BULK_2746,PL_BULK_0380
DISH_BULK_2747,PL_BULK_0364
DISH_BULK_2748,PL_BULK_0556
DISH_BULK_2749,PL_BULK_0536
DISH_BULK_2750,PL_BULK_1060
DISH_BULK_2751,PL_BULK_0623
DISH_BULK_2752,PL_BULK_0873
DISH_BULK_2753,PL_BULK_1344
DISH_BULK_2754,PL_BULK_0210
DISH_BULK_2755,PL_BULK_0528
DISH_BULK_2756,PL_BULK_0275
DISH_BULK_2757,PL_BULK_0292
DISH_BULK_2758,PL_BULK_0530
DISH_BULK_2759,PL_BULK_0204
DISH_BULK_2760,PL_BULK_0001
DISH_BULK_2761,PL_BULK_1245
DISH_BULK_2762,PL_BULK_1116
DISH_BULK_2763,PL_BULK_1022
DISH_BULK_2764,PL_BULK_0179
DISH_BULK_2765,PL_BULK_0393
DISH_BULK_2766,PL_BULK_1081
DISH_BULK_2767,PL_BULK_0687
DISH_BULK_2768,PL_BULK_1095
DISH_BULK_2769,PL_BULK_0622
DISH_BULK_2770,PL_BULK_0525
DISH_BULK_2771,PL_BULK_0259
DISH_BULK_2772,PL_BULK_1412
DISH_BULK_2773,PL_BULK_0550
DISH_BULK_2774,PL_BULK_1145
DISH_BULK_2775,PL_BULK_0471
DISH_BULK_2776,PL_BULK_0320
DISH_BULK_2777,PL_BULK_0115
DISH_BULK_2778,PL_BULK_0607
DISH_BULK_2779,PL_BULK_1225
DISH_BULK_2780,PL_BULK_0663
DISH_BULK_2781,PL_BULK_1077
DISH_BULK_2782,PL_BULK_0878
DISH_BULK_2783,PL_BULK_0073
DISH_BULK_2784,PL_BULK_0236
DISH_BULK_2785,PL_BULK_0029
DISH_BULK_2786,PL_BULK_0934
DISH_BULK_2787,PL_BULK_1353
DISH_BULK_2788,PL_BULK_0073
DISH_BULK_2789,PL_BULK_0186
DISH_BULK_2790,PL_BULK_0755
DISH_BULK_2791,PL_BULK_0080
DISH_BULK_2792,PL_BULK_0146
DISH_BULK_2793,PL_BULK_0843
DISH_BULK_2794,PL_BULK_0772
DISH_BULK_2795,PL_BULK_0336
DISH_BULK_2796,PL_BULK_1413
DISH_BULK_2797,PL_BULK_1190
DISH_BULK_2798,PL_BULK_1183
DISH_BULK_2799,PL_BULK_1259
DISH_BULK_2800,PL_BULK_1383
DISH_BULK_2801,PL_BULK_1402
DISH_BULK_2802,PL_BULK_0883
DISH_BULK_2803,PL_BULK_1232
DISH_BULK_2804,PL_BULK_0698
DISH_BULK_2805,PL_BULK_0609
DISH_BULK_2806,PL_BULK_0650
DISH_BULK_2807,PL_BULK_0375
DISH_BULK_2808,PL_BULK_1430
DISH_BULK_2809,PL_BULK_1343
DISH_BULK_2810,PL_BULK_1062
DISH_BULK_2811,PL_BULK_0130
DISH_BULK_2812,PL_BULK_0923
DISH_BULK_2813,PL_BULK_1132
DISH_BULK_2814,PL_BULK_0239
DISH_BULK_2815,PL_BULK_0160
DISH_BULK_2816,PL_BULK_1400
DISH_BULK_2817,PL_BULK_0929
DISH_BULK_2818,PL_BULK_0169
DISH_BULK_2819,PL_BULK_0903
DISH_BULK_2820,PL_BULK_0605
DISH_BULK_2821,PL_BULK_1371
DISH_BULK_2822,PL_BULK_1289
DISH_BULK_2823,PL_BULK_1424
DISH_BULK_2824,PL_BULK_0923
DISH_BULK_2825,PL_BULK_0933
DISH_BULK_2826,PL_BULK_0444
DISH_BULK_2827,PL_BULK_0428
DISH_BULK_2828,PL_BULK_0264
DISH_BULK_2829,PL_BULK_1233
DISH_BULK_2830,PL_BULK_0498
DISH_BULK_2831,PL_BULK_0714
DISH_BULK_2832,PL_BULK_0772
DISH_BULK_2833,PL_BULK_0345
DISH_BULK_2834,PL_BULK_1402
DISH_BULK_2835,PL_BULK_1332
DISH_BULK_2836,PL_BULK_0646
DISH_BULK_2837,PL_BULK_0635
DISH_BULK_2838,PL_BULK_0898
DISH_BULK_2839,PL_BULK_0968
DISH_BULK_2840,PL_BULK_0031
DISH_BULK_2841,PL_BULK_0103
DISH_BULK_2842,PL_BULK_0943
DISH_BULK_2843,PL_BULK_0201
DISH_BULK_2844,PL_BULK_0689
DISH_BULK_2845,PL_BULK_0950
DISH_BULK_2846,PL_BULK_0914
DISH_BULK_2847,PL_BULK_0319
DISH_BULK_2848,PL_BULK_0548
DISH_BULK_2849,PL_BULK_0683
DISH_BULK_2850,PL_BULK_1207
DISH_BULK_2851,PL_BULK_1146
DISH_BULK_2852,PL_BULK_0230
DISH_BULK_2853,PL_BULK_1010
DISH_BULK_2854,PL_BULK_0180
DISH_BULK_2855,PL_BULK_0800
DISH_BULK_2856,PL_BULK_1432
DISH_BULK_2857,PL_BULK_0189
DISH_BULK_2858,PL_BULK_0637
DISH_BULK_2859,PL_BULK_1108
DISH_BULK_2860,PL_BULK_1300
DISH_BULK_2861,PL_BULK_0115
DISH_BULK_2862,PL_BULK_0588
DISH_BULK_2863,PL_BULK_1061
DISH_BULK_2864,PL_BULK_0914
DISH_BULK_2865,PL_BULK_0790
DISH_BULK_2866,PL_BULK_1179
DISH_BULK_2867,PL_BULK_0816
DISH_BULK_2868,PL_BULK_0458
DISH_BULK_2869,PL_BULK_1241
DISH_BULK_2870,PL_BULK_0469
DISH_BULK_2871,PL_BULK_1092
DISH_BULK_2872,PL_BULK_0295
DISH_BULK_2873,PL_BULK_0957
DISH_BULK_2874,PL_BULK_0756
DISH_BULK_2875,PL_BULK_0105
DISH_BULK_2876,PL_BULK_0667
DISH_BULK_2877,PL_BULK_0396
DISH_BULK_2878,PL_BULK_1391
DISH_BULK_2879,PL_BULK_1180
DISH_BULK_2880,PL_BULK_0852
DISH_BULK_2881,PL_BULK_0861
DISH_BULK_2882,PL_BULK_1131
DISH_BULK_2883,PL_BULK_0670
DISH_BULK_2884,PL_BULK_1085
DISH_BULK_2885,PL_BULK_1391
DISH_BULK_2886,PL_BULK_0453
DISH_BULK_2887,PL_BULK_0324
DISH_BULK_2888,PL_BULK_1327
DISH_BULK_2889,PL_BULK_1341
DISH_BULK_2890,PL_BULK_0129
DISH_BULK_2891,PL_BULK_1427
DISH_BULK_2892,PL_BULK_1145
DISH_BULK_2893,PL_BULK_0966
DISH_BULK_2894,PL_BULK_0204
DISH_BULK_2895,PL_BULK_1182
DISH_BULK_2896,PL_BULK_1190
DISH_BULK_2897,PL_BULK_0918
DISH_BULK_2898,PL_BULK_0636
DISH_BULK_2899,PL_BULK_1106
DISH_BULK_2900,PL_BULK_0169
DISH_BULK_2901,PL_BULK_0881
DISH_BULK_2902,PL_BULK_0330
DISH_BULK_2903,PL_BULK_0600
DISH_BULK_2904,PL_BULK_0801
DISH_BULK_2905,PL_BULK_0112
DISH_BULK_2906,PL_BULK_1195
DISH_BULK_2907,PL_BULK_0192
DISH_BULK_2908,PL_BULK_1373
DISH_BULK_2909,PL_BULK_1191
DISH_BULK_2910,PL_BULK_0746
DISH_BULK_2911,PL_BULK_0640
DISH_BULK_2912,PL_BULK_0982
DISH_BULK_2913,PL_BULK_1290
DISH_BULK_2914,PL_BULK_1322
DISH_BULK_2915,PL_BULK_0095
DISH_BULK_2916,PL_BULK_0155
DISH_BULK_2917,PL_BULK_0415
DISH_BULK_2918,PL_BULK_0254
DISH_BULK_2919,PL_BULK_1159
DISH_BULK_2920,PL_BULK_1272
DISH_BULK_2921,PL_PNR_001
DISH_BULK_2922,PL_BULK_0270
DISH_BULK_2923,PL_BULK_1323
DISH_BULK_2924,PL_BULK_0275
DISH_BULK_2925,PL_BULK_0897
DISH_BULK_2926,PL_BULK_1058
DISH_BULK_2927,PL_BULK_0566
DISH_BULK_2928,PL_BULK_0768
DISH_BULK_2929,PL_BULK_1230
DISH_BULK_2930,PL_BULK_1153
DISH_BULK_2931,PL_BULK_0885
DISH_BULK_2932,PL_BULK_0370
DISH_BULK_2933,PL_BULK_0391
DISH_BULK_2934,PL_BULK_1365
DISH_BULK_2935,PL_BULK_0618
DISH_BULK_2936,PL_BULK_0583
DISH_BULK_2937,PL_BULK_1137
DISH_BULK_2938,PL_BULK_1361
DISH_BULK_2939,PL_BULK_0593
DISH_BULK_2940,PL_BULK_0860
DISH_BULK_2941,PL_BULK_1440
DISH_BULK_2942,PL_BULK_0675
DISH_BULK_2943,PL_BULK_0152
DISH_BULK_2944,PL_BULK_1163
DISH_BULK_2945,PL_PNR_017
DISH_BULK_2946,PL_BULK_1222
DISH_BULK_2947,PL_BULK_1015
DISH_BULK_2948,PL_BULK_0797
DISH_BULK_2949,PL_BULK_0231
DISH_BULK_2950,PL_BULK_0572
DISH_BULK_2951,PL_BULK_0097
DISH_BULK_2952,PL_BULK_0726
DISH_BULK_2953,PL_BULK_1094
