id,name
CUST_00001,Customer 1
CUST_00002,Customer 2
CUST_00003,Customer 3
CUST_00004,Customer 4
CUST_00005,Customer 5
CUST_00006,Customer 6
CUST_00007,Customer 7
CUST_00008,Customer 8
CUST_00009,Customer 9
CUST_00010,Customer 10
CUST_00011,Customer 11
CUST_00012,Customer 12
CUST_00013,Customer 13
CUST_00014,Customer 14
CUST_00015,Customer 15
CUST_00016,Customer 16
CUST_00017,Customer 17
CUST_00018,Customer 18
CUST_00019,Customer 19
CUST_00020,Customer 20
CUST_00021,Customer 21
CUST_00022,Customer 22
CUST_00023,Customer 23
CUST_00024,Customer 24
CUST_00025,Customer 25
CUST_00026,Customer 26
CUST_00027,Customer 27
CUST_00028,Customer 28
CUST_00029,Customer 29
CUST_00030,Customer 30
CUST_00031,Customer 31
CUST_00032,Customer 32
CUST_00033,Customer 33
CUST_00034,Customer 34
CUST_00035,Customer 35
CUST_00036,Customer 36
CUST_00037,Customer 37
CUST_00038,Customer 38
CUST_00039,Customer 39
CUST_00040,Customer 40
CUST_00041,Customer 41
CUST_00042,Customer 42
CUST_00043,Customer 43
CUST_00044,Customer 44
CUST_00045,Customer 45
CUST_00046,Customer 46
CUST_00047,Customer 47
CUST_00048,Customer 48
CUST_00049,Customer 49
CUST_00050,Customer 50
CUST_00051,Customer 51
CUST_00052,Customer 52
CUST_00053,Customer 53
CUST_00054,Customer 54
CUST_00055,Customer 55
CUST_00056,Customer 56
CUST_00057,Customer 57
CUST_00058,Customer 58
CUST_00059,Customer 59
CUST_00060,Customer 60
CUST_00061,Customer 61
CUST_00062,Customer 62
CUST_00063,Customer 63
CUST_00064,Customer 64
CUST_00065,Customer 65
CUST_00066,Customer 66
CUST_00067,Customer 67
CUST_00068,Customer 68
CUST_00069,Customer 69
CUST_00070,Customer 70
CUST_00071,Customer 71
CUST_00072,Customer 72
CUST_00073,Customer 73
CUST_00074,Customer 74
CUST_00075,Customer 75
CUST_00076,Customer 76
CUST_00077,Customer 77
CUST_00078,Customer 78
CUST_00079,Customer 79
CUST_00080,Customer 80
CUST_00081,Customer 81
CUST_00082,Customer 82
CUST_00083,Customer 83
CUST_00084,Customer 84
CUST_00085,Customer 85
CUST_00086,Customer 86
CUST_00087,Customer 87
CUST_00088,Customer 88
CUST_00089,Customer 89
CUST_00090,Customer 90
CUST_00091,Customer 91
CUST_00092,Customer 92
CUST_00093,Customer 93
CUST_00094,Customer 94
CUST_00095,Customer 95
CUST_00096,Customer 96
CUST_00097,Customer 97
CUST_00098,Customer 98
CUST_00099,Customer 99
CUST_00100,Customer 100
CUST_00101,Customer 101
CUST_00102,Customer 102
CUST_00103,Customer 103
CUST_00104,Customer 104
CUST_00105,Customer 105
CUST_00106,Customer 106
CUST_00107,Customer 107
CUST_00108,Customer 108
CUST_00109,Customer 109
CUST_00110,Customer 110
CUST_00111,Customer 111
CUST_00112,Customer 112
CUST_00113,Customer 113
CUST_00114,Customer 114
CUST_00115,Customer 115
CUST_00116,Customer 116
CUST_00117,Customer 117
CUST_00118,Customer 118
CUST_00119,Customer 119
CUST_00120,Customer 120
CUST_00121,Customer 121
CUST_00122,Customer 122
CUST_00123,Customer 123
CUST_00124,Customer 124
CUST_00125,Customer 125
CUST_00126,Customer 126
CUST_00127,Customer 127
CUST_00128,Customer 128
CUST_00129,Customer 129
CUST_00130,Customer 130
CUST_00131,Customer 131
CUST_00132,Customer 132
CUST_00133,Customer 133
CUST_00134,Customer 134
CUST_00135,Customer 135
CUST_00136,Customer 136
CUST_00137,Customer 137
CUST_00138,Customer 138
CUST_00139,Customer 139
CUST_00140,Customer 140
CUST_00141,Customer 141
CUST_00142,Customer 142
CUST_00143,Customer 143
CUST_00144,Customer 144
CUST_00145,Customer 145
CUST_00146,Customer 146
CUST_00147,Customer 147
CUST_00148,Customer 148
CUST_00149,Customer 149
CUST_00150,Customer 150
CUST_00151,Customer 151
CUST_00152,Customer 152
CUST_00153,Customer 153
CUST_00154,Customer 154
CUST_00155,Customer 155
CUST_00156,Customer 156
CUST_00157,Customer 157
CUST_00158,Customer 158
CUST_00159,Customer 159
CUST_00160,Customer 160
CUST_00161,Customer 161
CUST_00162,Customer 162
CUST_00163,Customer 163
CUST_00164,Customer 164
CUST_00165,Customer 165
CUST_00166,Customer 166
CUST_00167,Customer 167
CUST_00168,Customer 168
CUST_00169,Customer 169
CUST_00170,Customer 170
CUST_00171,Customer 171
CUST_00172,Customer 172
CUST_00173,Customer 173
CUST_00174,Customer 174
CUST_00175,Customer 175
CUST_00176,Customer 176
CUST_00177,Customer 177
CUST_00178,Customer 178
CUST_00179,Customer 179
CUST_00180,Customer 180
CUST_00181,Customer 181
CUST_00182,Customer 182
CUST_00183,Customer 183
CUST_00184,Customer 184
CUST_00185,Customer 185
CUST_00186,Customer 186
CUST_00187,Customer 187
CUST_00188,Customer 188
CUST_00189,Customer 189
CUST_00190,Customer 190
CUST_00191,Customer 191
CUST_00192,Customer 192
CUST_00193,Customer 193
CUST_00194,Customer 194
CUST_00195,Customer 195
CUST_00196,Customer 196
CUST_00197,Customer 197
CUST_00198,Customer 198
CUST_00199,Customer 199
CUST_00200,Customer 200
CUST_00201,Customer 201
CUST_00202,Customer 202
CUST_00203,Customer 203
CUST_00204,Customer 204
CUST_00205,Customer 205
CUST_00206,Customer 206
CUST_00207,Customer 207
CUST_00208,Customer 208
CUST_00209,Customer 209
CUST_00210,Customer 210
CUST_00211,Customer 211
CUST_00212,Customer 212
CUST_00213,Customer 213
CUST_00214,Customer 214
CUST_00215,Customer 215
CUST_00216,Customer 216
CUST_00217,Customer 217
CUST_00218,Customer 218
CUST_00219,Customer 219
CUST_00220,Customer 220
CUST_00221,Customer 221
CUST_00222,Customer 222
CUST_00223,Customer 223
CUST_00224,Customer 224
CUST_00225,Customer 225
CUST_00226,Customer 226
CUST_00227,Customer 227
CUST_00228,Customer 228
CUST_00229,Customer 229
CUST_00230,Customer 230
CUST_00231,Customer 231
CUST_00232,Customer 232
CUST_00233,Customer 233
CUST_00234,Customer 234
CUST_00235,Customer 235
CUST_00236,Customer 236
CUST_00237,Customer 237
CUST_00238,Customer 238
CUST_00239,Customer 239
CUST_00240,Customer 240
CUST_00241,Customer 241
CUST_00242,Customer 242
CUST_00243,Customer 243
CUST_00244,Customer 244
CUST_00245,Customer 245
CUST_00246,Customer 246
CUST_00247,Customer 247
CUST_00248,Customer 248
CUST_00249,Customer 249
CUST_00250,Customer 250
CUST_00251,Customer 251
CUST_00252,Customer 252
CUST_00253,Customer 253
CUST_00254,Customer 254
CUST_00255,Customer 255
CUST_00256,Customer 256
CUST_00257,Customer 257
CUST_00258,Customer 258
CUST_00259,Customer 259
CUST_00260,Customer 260
CUST_00261,Customer 261
CUST_00262,Customer 262
CUST_00263,Customer 263
CUST_00264,Customer 264
CUST_00265,Customer 265
CUST_00266,Customer 266
CUST_00267,Customer 267
CUST_00268,Customer 268
CUST_00269,Customer 269
CUST_00270,Customer 270
CUST_00271,Customer 271
CUST_00272,Customer 272
CUST_00273,Customer 273
CUST_00274,Customer 274
CUST_00275,Customer 275
CUST_00276,Customer 276
CUST_00277,Customer 277
CUST_00278,Customer 278
CUST_00279,Customer 279
CUST_00280,Customer 280
CUST_00281,Customer 281
CUST_00282,Customer 282
CUST_00283,Customer 283
CUST_00284,Customer 284
CUST_00285,Customer 285
CUST_00286,Customer 286
CUST_00287,Customer 287
CUST_00288,Customer 288
CUST_00289,Customer 289
CUST_00290,Customer 290
CUST_00291,Customer 291
CUST_00292,Customer 292
CUST_00293,Customer 293
CUST_00294,Customer 294
CUST_00295,Customer 295
CUST_00296,Customer 296
CUST_00297,Customer 297
CUST_00298,Customer 298
CUST_00299,Customer 299
CUST_00300,Customer 300
CUST_00301,Customer 301
CUST_00302,Customer 302
CUST_00303,Customer 303
CUST_00304,Customer 304
CUST_00305,Customer 305
CUST_00306,Customer 306
CUST_00307,Customer 307
CUST_00308,Customer 308
CUST_00309,Customer 309
CUST_00310,Customer 310
CUST_00311,Customer 311
CUST_00312,Customer 312
CUST_00313,Customer 313
CUST_00314,Customer 314
CUST_00315,Customer 315
CUST_00316,Customer 316
CUST_00317,Customer 317
CUST_00318,Customer 318
CUST_00319,Customer 319
CUST_00320,Customer 320
CUST_00321,Customer 321
CUST_00322,Customer 322
CUST_00323,Customer 323
CUST_00324,Customer 324
CUST_00325,Customer 325
CUST_00326,Customer 326
CUST_00327,Customer 327
CUST_00328,Customer 328
CUST_00329,Customer 329
CUST_00330,Customer 330
CUST_00331,Customer 331
CUST_00332,Customer 332
CUST_00333,Customer 333
CUST_00334,Customer 334
CUST_00335,Customer 335
CUST_00336,Customer 336
CUST_00337,Customer 337
CUST_00338,Customer 338
CUST_00339,Customer 339
CUST_00340,Customer 340
CUST_00341,Customer 341
CUST_00342,Customer 342
CUST_00343,Customer 343
CUST_00344,Customer 344
CUST_00345,Customer 345
CUST_00346,Customer 346
CUST_00347,Customer 347
CUST_00348,Customer 348
CUST_00349,Customer 349
CUST_00350,Customer 350
CUST_00351,Customer 351
CUST_00352,Customer 352
CUST_00353,Customer 353
CUST_00354,Customer 354
CUST_00355,Customer 355
CUST_00356,Customer 356
CUST_00357,Customer 357
CUST_00358,Customer 358
CUST_00359,Customer 359
CUST_00360,Customer 360
CUST_00361,Customer 361
CUST_00362,Customer 362
CUST_00363,Customer 363
CUST_00364,Customer 364
CUST_00365,Customer 365
CUST_00366,Customer 366
CUST_00367,Customer 367
CUST_00368,Customer 368
CUST_00369,Customer 369
CUST_00370,Customer 370
CUST_00371,Customer 371
CUST_00372,Customer 372
CUST_00373,Customer 373
CUST_00374,Customer 374
CUST_00375,Customer 375
CUST_00376,Customer 376
CUST_00377,Customer 377
CUST_00378,Customer 378
CUST_00379,Customer 379
CUST_00380,Customer 380
CUST_00381,Customer 381
CUST_00382,Customer 382
CUST_00383,Customer 383
CUST_00384,Customer 384
CUST_00385,Customer 385
CUST_00386,Customer 386
CUST_00387,Customer 387
CUST_00388,Customer 388
CUST_00389,Customer 389
CUST_00390,Customer 390
CUST_00391,Customer 391
CUST_00392,Customer 392
CUST_00393,Customer 393
CUST_00394,Customer 394
CUST_00395,Customer 395
CUST_00396,Customer 396
CUST_00397,Customer 397
CUST_00398,Customer 398
CUST_00399,Customer 399
CUST_00400,Customer 400
CUST_00401,Customer 401
CUST_00402,Customer 402
CUST_00403,Customer 403
CUST_00404,Customer 404
CUST_00405,Customer 405
CUST_00406,Customer 406
CUST_00407,Customer 407
CUST_00408,Customer 408
CUST_00409,Customer 409
CUST_00410,Customer 410
CUST_00411,Customer 411
CUST_00412,Customer 412
CUST_00413,Customer 413
CUST_00414,Customer 414
CUST_00415,Customer 415
CUST_00416,Customer 416
CUST_00417,Customer 417
CUST_00418,Customer 418
CUST_00419,Customer 419
CUST_00420,Customer 420
CUST_00421,Customer 421
CUST_00422,Customer 422
CUST_00423,Customer 423
CUST_00424,Customer 424
CUST_00425,Customer 425
CUST_00426,Customer 426
CUST_00427,Customer 427
CUST_00428,Customer 428
CUST_00429,Customer 429
CUST_00430,Customer 430
CUST_00431,Customer 431
CUST_00432,Customer 432
CUST_00433,Customer 433
CUST_00434,Customer 434
CUST_00435,Customer 435
CUST_00436,Customer 436
CUST_00437,Customer 437
CUST_00438,Customer 438
CUST_00439,Customer 439
CUST_00440,Customer 440
CUST_00441,Customer 441
CUST_00442,Customer 442
CUST_00443,Customer 443
CUST_00444,Customer 444
CUST_00445,Customer 445
CUST_00446,Customer 446
CUST_00447,Customer 447
CUST_00448,Customer 448
CUST_00449,Customer 449
CUST_00450,Customer 450
CUST_00451,Customer 451
CUST_00452,Customer 452
CUST_00453,Customer 453
CUST_00454,Customer 454
CUST_00455,Customer 455
CUST_00456,Customer 456
CUST_00457,Customer 457
CUST_00458,Customer 458
CUST_00459,Customer 459
CUST_00460,Customer 460
CUST_00461,Customer 461
CUST_00462,Customer 462
CUST_00463,Customer 463
CUST_00464,Customer 464
CUST_00465,Customer 465
CUST_00466,Customer 466
CUST_00467,Customer 467
CUST_00468,Customer 468
CUST_00469,Customer 469
CUST_00470,Customer 470
CUST_00471,Customer 471
CUST_00472,Customer 472
CUST_00473,Customer 473
CUST_00474,Customer 474
CUST_00475,Customer 475
CUST_00476,Customer 476
CUST_00477,Customer 477
CUST_00478,Customer 478
CUST_00479,Customer 479
CUST_00480,Customer 480
CUST_00481,Customer 481
CUST_00482,Customer 482
CUST_00483,Customer 483
CUST_00484,Customer 484
CUST_00485,Customer 485
CUST_00486,Customer 486
CUST_00487,Customer 487
CUST_00488,Customer 488
CUST_00489,Customer 489
CUST_00490,Customer 490
CUST_00491,Customer 491
CUST_00492,Customer 492
CUST_00493,Customer 493
CUST_00494,Customer 494
CUST_00495,Customer 495
CUST_00496,Customer 496
CUST_00497,Customer 497
CUST_00498,Customer 498
CUST_00499,Customer 499
CUST_00500,Customer 500
CUST_00501,Customer 501
CUST_00502,Customer 502
CUST_00503,Customer 503
CUST_00504,Customer 504
CUST_00505,Customer 505
CUST_00506,Customer 506
CUST_00507,Customer 507
CUST_00508,Customer 508
CUST_00509,Customer 509
CUST_00510,Customer 510
CUST_00511,Customer 511
CUST_00512,Customer 512
CUST_00513,Customer 513
CUST_00514,Customer 514
CUST_00515,Customer 515
CUST_00516,Customer 516
CUST_00517,Customer 517
CUST_00518,Customer 518
CUST_00519,Customer 519
CUST_00520,Customer 520
CUST_00521,Customer 521
CUST_00522,Customer 522
CUST_00523,Customer 523
CUST_00524,Customer 524
CUST_00525,Customer 525
CUST_00526,Customer 526
CUST_00527,Customer 527
CUST_00528,Customer 528
CUST_00529,Customer 529
CUST_00530,Customer 530
CUST_00531,Customer 531
CUST_00532,Customer 532
CUST_00533,Customer 533
CUST_00534,Customer 534
CUST_00535,Customer 535
CUST_00536,Customer 536
CUST_00537,Customer 537
CUST_00538,Customer 538
CUST_00539,Customer 539
CUST_00540,Customer 540
CUST_00541,Customer 541
CUST_00542,Customer 542
CUST_00543,Customer 543
CUST_00544,Customer 544
CUST_00545,Customer 545
CUST_00546,Customer 546
CUST_00547,Customer 547
CUST_00548,Customer 548
CUST_00549,Customer 549
CUST_00550,Customer 550
CUST_00551,Customer 551
CUST_00552,Customer 552
CUST_00553,Customer 553
CUST_00554,Customer 554
CUST_00555,Customer 555
CUST_00556,Customer 556
CUST_00557,Customer 557
CUST_00558,Customer 558
CUST_00559,Customer 559
CUST_00560,Customer 560
CUST_00561,Customer 561
CUST_00562,Customer 562
CUST_00563,Customer 563
CUST_00564,Customer 564
CUST_00565,Customer 565
CUST_00566,Customer 566
CUST_00567,Customer 567
CUST_00568,Customer 568
CUST_00569,Customer 569
CUST_00570,Customer 570
CUST_00571,Customer 571
CUST_00572,Customer 572
CUST_00573,Customer 573
CUST_00574,Customer 574
CUST_00575,Customer 575
CUST_00576,Customer 576
CUST_00577,Customer 577
CUST_00578,Customer 578
CUST_00579,Customer 579
CUST_00580,Customer 580
CUST_00581,Customer 581
CUST_00582,Customer 582
CUST_00583,Customer 583
CUST_00584,Customer 584
CUST_00585,Customer 585
CUST_00586,Customer 586
CUST_00587,Customer 587
CUST_00588,Customer 588
CUST_00589,Customer 589
CUST_00590,Customer 590
CUST_00591,Customer 591
CUST_00592,Customer 592
CUST_00593,Customer 593
CUST_00594,Customer 594
CUST_00595,Customer 595
CUST_00596,Customer 596
CUST_00597,Customer 597
CUST_00598,Customer 598
CUST_00599,Customer 599
CUST_00600,Customer 600
CUST_00601,Customer 601
CUST_00602,Customer 602
CUST_00603,Customer 603
CUST_00604,Customer 604
CUST_00605,Customer 605
CUST_00606,Customer 606
CUST_00607,Customer 607
CUST_00608,Customer 608
CUST_00609,Customer 609
CUST_00610,Customer 610
CUST_00611,Customer 611
CUST_00612,Customer 612
CUST_00613,Customer 613
CUST_00614,Customer 614
CUST_00615,Customer 615
CUST_00616,Customer 616
CUST_00617,Customer 617
CUST_00618,Customer 618
CUST_00619,Customer 619
CUST_00620,Customer 620
CUST_00621,Customer 621
CUST_00622,Customer 622
CUST_00623,Customer 623
CUST_00624,Customer 624
CUST_00625,Customer 625
CUST_00626,Customer 626
CUST_00627,Customer 627
CUST_00628,Customer 628
CUST_00629,Customer 629
CUST_00630,Customer 630
CUST_00631,Customer 631
CUST_00632,Customer 632
CUST_00633,Customer 633
CUST_00634,Customer 634
CUST_00635,Customer 635
CUST_00636,Customer 636
CUST_00637,Customer 637
CUST_00638,Customer 638
CUST_00639,Customer 639
CUST_00640,Customer 640
CUST_00641,Customer 641
CUST_00642,Customer 642
CUST_00643,Customer 643
CUST_00644,Customer 644
CUST_00645,Customer 645
CUST_00646,Customer 646
CUST_00647,Customer 647
CUST_00648,Customer 648
CUST_00649,Customer 649
CUST_00650,Customer 650
CUST_00651,Customer 651
CUST_00652,Customer 652
CUST_00653,Customer 653
CUST_00654,Customer 654
CUST_00655,Customer 655
CUST_00656,Customer 656
CUST_00657,Customer 657
CUST_00658,Customer 658
CUST_00659,Customer 659
CUST_00660,Customer 660
CUST_00661,Customer 661
CUST_00662,Customer 662
CUST_00663,Customer 663
CUST_00664,Customer 664
CUST_00665,Customer 665
CUST_00666,Customer 666
CUST_00667,Customer 667
CUST_00668,Customer 668
CUST_00669,Customer 669
CUST_00670,Customer 670
CUST_00671,Customer 671
CUST_00672,Customer 672
CUST_00673,Customer 673
CUST_00674,Customer 674
CUST_00675,Customer 675
CUST_00676,Customer 676
CUST_00677,Customer 677
CUST_00678,Customer 678
CUST_00679,Customer 679
CUST_00680,Customer 680
CUST_00681,Customer 681
CUST_00682,Customer 682
CUST_00683,Customer 683
CUST_00684,Customer 684
CUST_00685,Customer 685
CUST_00686,Customer 686
CUST_00687,Customer 687
CUST_00688,Customer 688
CUST_00689,Customer 689
CUST_00690,Customer 690
CUST_00691,Customer 691
CUST_00692,Customer 692
CUST_00693,Customer 693
CUST_00694,Customer 694
CUST_00695,Customer 695
CUST_00696,Customer 696
CUST_00697,Customer 697
CUST_00698,Customer 698
CUST_00699,Customer 699
CUST_00700,Customer 700
CUST_00701,Customer 701
CUST_00702,Customer 702
CUST_00703,Customer 703
CUST_00704,Customer 704
CUST_00705,Customer 705
CUST_00706,Customer 706
CUST_00707,Customer 707
CUST_00708,Customer 708
CUST_00709,Customer 709
CUST_00710,Customer 710
CUST_00711,Customer 711
CUST_00712,Customer 712
CUST_00713,Customer 713
CUST_00714,Customer 714
CUST_00715,Customer 715
CUST_00716,Customer 716
CUST_00717,Customer 717
CUST_00718,Customer 718
CUST_00719,Customer 719
CUST_00720,Customer 720
CUST_00721,Customer 721
CUST_00722,Customer 722
CUST_00723,Customer 723
CUST_00724,Customer 724
CUST_00725,Customer 725
CUST_00726,Customer 726
CUST_00727,Customer 727
CUST_00728,Customer 728
CUST_00729,Customer 729
CUST_00730,Customer 730
CUST_00731,Customer 731
CUST_00732,Customer 732
CUST_00733,Customer 733
CUST_00734,Customer 734
CUST_00735,Customer 735
CUST_00736,Customer 736
CUST_00737,Customer 737
CUST_00738,Customer 738
CUST_00739,Customer 739
CUST_00740,Customer 740
CUST_00741,Customer 741
CUST_00742,Customer 742
CUST_00743,Customer 743
CUST_00744,Customer 744
CUST_00745,Customer 745
CUST_00746,Customer 746
CUST_00747,Customer 747
CUST_00748,Customer 748
CUST_00749,Customer 749
CUST_00750,Customer 750
CUST_00751,Customer 751
CUST_00752,Customer 752
CUST_00753,Customer 753
CUST_00754,Customer 754
CUST_00755,Customer 755
CUST_00756,Customer 756
CUST_00757,Customer 757
CUST_00758,Customer 758
CUST_00759,Customer 759
CUST_00760,Customer 760
CUST_00761,Customer 761
CUST_00762,Customer 762
CUST_00763,Customer 763
CUST_00764,Customer 764
CUST_00765,Customer 765
CUST_00766,Customer 766
CUST_00767,Customer 767
CUST_00768,Customer 768
CUST_00769,Customer 769
CUST_00770,Customer 770
CUST_00771,Customer 771
CUST_00772,Customer 772
CUST_00773,Customer 773
CUST_00774,Customer 774
CUST_00775,Customer 775
CUST_00776,Customer 776
CUST_00777,Customer 777
CUST_00778,Customer 778
CUST_00779,Customer 779
CUST_00780,Customer 780
CUST_00781,Customer 781
CUST_00782,Customer 782
CUST_00783,Customer 783
CUST_00784,Customer 784
CUST_00785,Customer 785
CUST_00786,Customer 786
CUST_00787,Customer 787
CUST_00788,Customer 788
CUST_00789,Customer 789
CUST_00790,Customer 790
CUST_00791,Customer 791
CUST_00792,Customer 792
CUST_00793,Customer 793
CUST_00794,Customer 794
CUST_00795,Customer 795
CUST_00796,Customer 796
CUST_00797,Customer 797
CUST_00798,Customer 798
CUST_00799,Customer 799
CUST_00800,Customer 800
CUST_00801,Customer 801
CUST_00802,Customer 802
CUST_00803,Customer 803
CUST_00804,Customer 804
CUST_00805,Customer 805
CUST_00806,Customer 806
CUST_00807,Customer 807
CUST_00808,Customer 808
CUST_00809,Customer 809
CUST_00810,Customer 810
CUST_00811,Customer 811
CUST_00812,Customer 812
CUST_00813,Customer 813
CUST_00814,Customer 814
CUST_00815,Customer 815
CUST_00816,Customer 816
CUST_00817,Customer 817
CUST_00818,Customer 818
CUST_00819,Customer 819
CUST_00820,Customer 820
CUST_00821,Customer 821
CUST_00822,Customer 822
CUST_00823,Customer 823
CUST_00824,Customer 824
CUST_00825,Customer 825
CUST_00826,Customer 826
CUST_00827,Customer 827
CUST_00828,Customer 828
CUST_00829,Customer 829
CUST_00830,Customer 830
CUST_00831,Customer 831
CUST_00832,Customer 832
CUST_00833,Customer 833
CUST_00834,Customer 834
CUST_00835,Customer 835
CUST_00836,Customer 836
CUST_00837,Customer 837
CUST_00838,Customer 838
CUST_00839,Customer 839
CUST_00840,Customer 840
CUST_00841,Customer 841
CUST_00842,Customer 842
CUST_00843,Customer 843
CUST_00844,Customer 844
CUST_00845,Customer 845
CUST_00846,Customer 846
CUST_00847,Customer 847
CUST_00848,Customer 848
CUST_00849,Customer 849
CUST_00850,Customer 850
CUST_00851,Customer 851
CUST_00852,Customer 852
CUST_00853,Customer 853
CUST_00854,Customer 854
CUST_00855,Customer 855
CUST_00856,Customer 856
CUST_00857,Customer 857
CUST_00858,Customer 858
CUST_00859,Customer 859
CUST_00860,Customer 860
CUST_00861,Customer 861
CUST_00862,Customer 862
CUST_00863,Customer 863
CUST_00864,Customer 864
CUST_00865,Customer 865
CUST_00866,Customer 866
CUST_00867,Customer 867
CUST_00868,Customer 868
CUST_00869,Customer 869
CUST_00870,Customer 870
CUST_00871,Customer 871
CUST_00872,Customer 872
CUST_00873,Customer 873
CUST_00874,Customer 874
CUST_00875,Customer 875
CUST_00876,Customer 876
CUST_00877,Customer 877
CUST_00878,Customer 878
CUST_00879,Customer 879
CUST_00880,Customer 880
CUST_00881,Customer 881
CUST_00882,Customer 882
CUST_00883,Customer 883
CUST_00884,Customer 884
CUST_00885,Customer 885
CUST_00886,Customer 886
CUST_00887,Customer 887
CUST_00888,Customer 888
CUST_00889,Customer 889
CUST_00890,Customer 890
CUST_00891,Customer 891
CUST_00892,Customer 892
CUST_00893,Customer 893
CUST_00894,Customer 894
CUST_00895,Customer 895
CUST_00896,Customer 896
CUST_00897,Customer 897
CUST_00898,Customer 898
CUST_00899,Customer 899
CUST_00900,Customer 900
CUST_00901,Customer 901
CUST_00902,Customer 902
CUST_00903,Customer 903
CUST_00904,Customer 904
CUST_00905,Customer 905
CUST_00906,Customer 906
CUST_00907,Customer 907
CUST_00908,Customer 908
CUST_00909,Customer 909
CUST_00910,Customer 910
CUST_00911,Customer 911
CUST_00912,Customer 912
CUST_00913,Customer 913
CUST_00914,Customer 914
CUST_00915,Customer 915
CUST_00916,Customer 916
CUST_00917,Customer 917
CUST_00918,Customer 918
CUST_00919,Customer 919
CUST_00920,Customer 920
CUST_00921,Customer 921
CUST_00922,Customer 922
CUST_00923,Customer 923
CUST_00924,Customer 924
CUST_00925,Customer 925
CUST_00926,Customer 926
CUST_00927,Customer 927
CUST_00928,Customer 928
CUST_00929,Customer 929
CUST_00930,Customer 930
CUST_00931,Customer 931
CUST_00932,Customer 932
CUST_00933,Customer 933
CUST_00934,Customer 934
CUST_00935,Customer 935
CUST_00936,Customer 936
CUST_00937,Customer 937
CUST_00938,Customer 938
CUST_00939,Customer 939
CUST_00940,Customer 940
CUST_00941,Customer 941
CUST_00942,Customer 942
CUST_00943,Customer 943
CUST_00944,Customer 944
CUST_00945,Customer 945
CUST_00946,Customer 946
CUST_00947,Customer 947
CUST_00948,Customer 948
CUST_00949,Customer 949
CUST_00950,Customer 950
CUST_00951,Customer 951
CUST_00952,Customer 952
CUST_00953,Customer 953
CUST_00954,Customer 954
CUST_00955,Customer 955
CUST_00956,Customer 956
CUST_00957,Customer 957
CUST_00958,Customer 958
CUST_00959,Customer 959
CUST_00960,Customer 960
CUST_00961,Customer 961
CUST_00962,Customer 962
CUST_00963,Customer 963
CUST_00964,Customer 964
CUST_00965,Customer 965
CUST_00966,Customer 966
CUST_00967,Customer 967
CUST_00968,Customer 968
CUST_00969,Customer 969
CUST_00970,Customer 970
CUST_00971,Customer 971
CUST_00972,Customer 972
CUST_00973,Customer 973
CUST_00974,Customer 974
CUST_00975,Customer 975
CUST_00976,Customer 976
CUST_00977,Customer 977
CUST_00978,Customer 978
CUST_00979,Customer 979
CUST_00980,Customer 980
CUST_00981,Customer 981
CUST_00982,Customer 982
CUST_00983,Customer 983
CUST_00984,Customer 984
CUST_00985,Customer 985
CUST_00986,Customer 986
CUST_00987,Customer 987
CUST_00988,Customer 988
CUST_00989,Customer 989
CUST_00990,Customer 990
CUST_00991,Customer 991
CUST_00992,Customer 992
CUST_00993,Customer 993
CUST_00994,Customer 994
CUST_00995,Customer 995
CUST_00996,Customer 996
CUST_00997,Customer 997
CUST_00998,Customer 998
CUST_00999,Customer 999
CUST_01000,Customer 1000
CUST_01001,Customer 1001
CUST_01002,Customer 1002
CUST_01003,Customer 1003
CUST_01004,Customer 1004
CUST_01005,Customer 1005
CUST_01006,Customer 1006
CUST_01007,Customer 1007
CUST_01008,Customer 1008
CUST_01009,Customer 1009
CUST_01010,Customer 1010
CUST_01011,Customer 1011
CUST_01012,Customer 1012
CUST_01013,Customer 1013
CUST_01014,Customer 1014
CUST_01015,Customer 1015
CUST_01016,Customer 1016
CUST_01017,Customer 1017
CUST_01018,Customer 1018
CUST_01019,Customer 1019
CUST_01020,Customer 1020
CUST_01021,Customer 1021
CUST_01022,Customer 1022
CUST_01023,Customer 1023
CUST_01024,Customer 1024
CUST_01025,Customer 1025
CUST_01026,Customer 1026
CUST_01027,Customer 1027
CUST_01028,Customer 1028
CUST_01029,Customer 1029
CUST_01030,Customer 1030
CUST_01031,Customer 1031
CUST_01032,Customer 1032
CUST_01033,Customer 1033
CUST_01034,Customer 1034
CUST_01035,Customer 1035
CUST_01036,Customer 1036
CUST_01037,Customer 1037
CUST_01038,Customer 1038
CUST_01039,Customer 1039
CUST_01040,Customer 1040
CUST_01041,Customer 1041
CUST_01042,Customer 1042
CUST_01043,Customer 1043
CUST_01044,Customer 1044
CUST_01045,Customer 1045
CUST_01046,Customer 1046
CUST_01047,Customer 1047
CUST_01048,Customer 1048
CUST_01049,Customer 1049
CUST_01050,Customer 1050
CUST_01051,Customer 1051
CUST_01052,Customer 1052
CUST_01053,Customer 1053
CUST_01054,Customer 1054
CUST_01055,Customer 1055
CUST_01056,Customer 1056
CUST_01057,Customer 1057
CUST_01058,Customer 1058
CUST_01059,Customer 1059
CUST_01060,Customer 1060
CUST_01061,Customer 1061
CUST_01062,Customer 1062
CUST_01063,Customer 1063
CUST_01064,Customer 1064
CUST_01065,Customer 1065
CUST_01066,Customer 1066
CUST_01067,Customer 1067
CUST_01068,Customer 1068
CUST_01069,Customer 1069
CUST_01070,Customer 1070
CUST_01071,Customer 1071
CUST_01072,Customer 1072
CUST_01073,Customer 1073
CUST_01074,Customer 1074
CUST_01075,Customer 1075
CUST_01076,Customer 1076
CUST_01077,Customer 1077
CUST_01078,Customer 1078
CUST_01079,Customer 1079
CUST_01080,Customer 1080
CUST_01081,Customer 1081
CUST_01082,Customer 1082
CUST_01083,Customer 1083
CUST_01084,Customer 1084
CUST_01085,Customer 1085
CUST_01086,Customer 1086
CUST_01087,Customer 1087
CUST_01088,Customer 1088
CUST_01089,Customer 1089
CUST_01090,Customer 1090
CUST_01091,Customer 1091
CUST_01092,Customer 1092
CUST_01093,Customer 1093
CUST_01094,Customer 1094
CUST_01095,Customer 1095
CUST_01096,Customer 1096
CUST_01097,Customer 1097
CUST_01098,Customer 1098
CUST_01099,Customer 1099
CUST_01100,Customer 1100
CUST_01101,Customer 1101
CUST_01102,Customer 1102
CUST_01103,Customer 1103
CUST_01104,Customer 1104
CUST_01105,Customer 1105
CUST_01106,Customer 1106
CUST_01107,Customer 1107
CUST_01108,Customer 1108
CUST_01109,Customer 1109
CUST_01110,Customer 1110
CUST_01111,Customer 1111
CUST_01112,Customer 1112
CUST_01113,Customer 1113
CUST_01114,Customer 1114
CUST_01115,Customer 1115
CUST_01116,Customer 1116
CUST_01117,Customer 1117
CUST_01118,Customer 1118
CUST_01119,Customer 1119
CUST_01120,Customer 1120
CUST_01121,Customer 1121
CUST_01122,Customer 1122
CUST_01123,Customer 1123
CUST_01124,Customer 1124
CUST_01125,Customer 1125
CUST_01126,Customer 1126
CUST_01127,Customer 1127
CUST_01128,Customer 1128
CUST_01129,Customer 1129
CUST_01130,Customer 1130
CUST_01131,Customer 1131
CUST_01132,Customer 1132
CUST_01133,Customer 1133
CUST_01134,Customer 1134
CUST_01135,Customer 1135
CUST_01136,Customer 1136
CUST_01137,Customer 1137
CUST_01138,Customer 1138
CUST_01139,Customer 1139
CUST_01140,Customer 1140
CUST_01141,Customer 1141
CUST_01142,Customer 1142
CUST_01143,Customer 1143
CUST_01144,Customer 1144
CUST_01145,Customer 1145
CUST_01146,Customer 1146
CUST_01147,Customer 1147
CUST_01148,Customer 1148
CUST_01149,Customer 1149
CUST_01150,Customer 1150
CUST_01151,Customer 1151
CUST_01152,Customer 1152
CUST_01153,Customer 1153
CUST_01154,Customer 1154
CUST_01155,Customer 1155
CUST_01156,Customer 1156
CUST_01157,Customer 1157
CUST_01158,Customer 1158
CUST_01159,Customer 1159
CUST_01160,Customer 1160
CUST_01161,Customer 1161
CUST_01162,Customer 1162
CUST_01163,Customer 1163
CUST_01164,Customer 1164
CUST_01165,Customer 1165
CUST_01166,Customer 1166
CUST_01167,Customer 1167
CUST_01168,Customer 1168
CUST_01169,Customer 1169
CUST_01170,Customer 1170
CUST_01171,Customer 1171
CUST_01172,Customer 1172
CUST_01173,Customer 1173
CUST_01174,Customer 1174
CUST_01175,Customer 1175
CUST_01176,Customer 1176
CUST_01177,Customer 1177
CUST_01178,Customer 1178
CUST_01179,Customer 1179
CUST_01180,Customer 1180
CUST_01181,Customer 1181
CUST_01182,Customer 1182
CUST_01183,Customer 1183
CUST_01184,Customer 1184
CUST_01185,Customer 1185
CUST_01186,Customer 1186
CUST_01187,Customer 1187
CUST_01188,Customer 1188
CUST_01189,Customer 1189
CUST_01190,Customer 1190
CUST_01191,Customer 1191
CUST_01192,Customer 1192
CUST_01193,Customer 1193
CUST_01194,Customer 1194
CUST_01195,Customer 1195
CUST_01196,Customer 1196
CUST_01197,Customer 1197
CUST_01198,Customer 1198
CUST_01199,Customer 1199
CUST_01200,Customer 1200
CUST_01201,Customer 1201
CUST_01202,Customer 1202
CUST_01203,Customer 1203
CUST_01204,Customer 1204
CUST_01205,Customer 1205
CUST_01206,Customer 1206
CUST_01207,Customer 1207
CUST_01208,Customer 1208
CUST_01209,Customer 1209
CUST_01210,Customer 1210
CUST_01211,Customer 1211
CUST_01212,Customer 1212
CUST_01213,Customer 1213
CUST_01214,Customer 1214
CUST_01215,Customer 1215
CUST_01216,Customer 1216
CUST_01217,Customer 1217
CUST_01218,Customer 1218
CUST_01219,Customer 1219
CUST_01220,Customer 1220
CUST_01221,Customer 1221
CUST_01222,Customer 1222
CUST_01223,Customer 1223
CUST_01224,Customer 1224
CUST_01225,Customer 1225
CUST_01226,Customer 1226
CUST_01227,Customer 1227
CUST_01228,Customer 1228
CUST_01229,Customer 1229
CUST_01230,Customer 1230
CUST_01231,Customer 1231
CUST_01232,Customer 1232
CUST_01233,Customer 1233
CUST_01234,Customer 1234
CUST_01235,Customer 1235
CUST_01236,Customer 1236
CUST_01237,Customer 1237
CUST_01238,Customer 1238
CUST_01239,Customer 1239
CUST_01240,Customer 1240
CUST_01241,Customer 1241
CUST_01242,Customer 1242
CUST_01243,Customer 1243
CUST_01244,Customer 1244
CUST_01245,Customer 1245
CUST_01246,Customer 1246
CUST_01247,Customer 1247
CUST_01248,Customer 1248
CUST_01249,Customer 1249
CUST_01250,Customer 1250
CUST_01251,Customer 1251
CUST_01252,Customer 1252
CUST_01253,Customer 1253
CUST_01254,Customer 1254
CUST_01255,Customer 1255
CUST_01256,Customer 1256
CUST_01257,Customer 1257
CUST_01258,Customer 1258
CUST_01259,Customer 1259
CUST_01260,Customer 1260
CUST_01261,Customer 1261
CUST_01262,Customer 1262
CUST_01263,Customer 1263
CUST_01264,Customer 1264
CUST_01265,Customer 1265
CUST_01266,Customer 1266
CUST_01267,Customer 1267
CUST_01268,Customer 1268
CUST_01269,Customer 1269
CUST_01270,Customer 1270
CUST_01271,Customer 1271
CUST_01272,Customer 1272
CUST_01273,Customer 1273
CUST_01274,Customer 1274
CUST_01275,Customer 1275
CUST_01276,Customer 1276
CUST_01277,Customer 1277
CUST_01278,Customer 1278
CUST_01279,Customer 1279
CUST_01280,Customer 1280
CUST_01281,Customer 1281
CUST_01282,Customer 1282
CUST_01283,Customer 1283
CUST_01284,Customer 1284
CUST_01285,Customer 1285
CUST_01286,Customer 1286
CUST_01287,Customer 1287
CUST_01288,Customer 1288
CUST_01289,Customer 1289
CUST_01290,Customer 1290
CUST_01291,Customer 1291
CUST_01292,Customer 1292
CUST_01293,Customer 1293
CUST_01294,Customer 1294
CUST_01295,Customer 1295
CUST_01296,Customer 1296
CUST_01297,Customer 1297
CUST_01298,Customer 1298
CUST_01299,Customer 1299
CUST_01300,Customer 1300
CUST_01301,Customer 1301
CUST_01302,Customer 1302
CUST_01303,Customer 1303
CUST_01304,Customer 1304
CUST_01305,Customer 1305
CUST_01306,Customer 1306
CUST_01307,Customer 1307
CUST_01308,Customer 1308
CUST_01309,Customer 1309
CUST_01310,Customer 1310
CUST_01311,Customer 1311
CUST_01312,Customer 1312
CUST_01313,Customer 1313
CUST_01314,Customer 1314
CUST_01315,Customer 1315
CUST_01316,Customer 1316
CUST_01317,Customer 1317
CUST_01318,Customer 1318
CUST_01319,Customer 1319
CUST_01320,Customer 1320
CUST_01321,Customer 1321
CUST_01322,Customer 1322
CUST_01323,Customer 1323
CUST_01324,Customer 1324
CUST_01325,Customer 1325
CUST_01326,Customer 1326
CUST_01327,Customer 1327
CUST_01328,Customer 1328
CUST_01329,Customer 1329
CUST_01330,Customer 1330
CUST_01331,Customer 1331
CUST_01332,Customer 1332
CUST_01333,Customer 1333
CUST_01334,Customer 1334
CUST_01335,Customer 1335
CUST_01336,Customer 1336
CUST_01337,Customer 1337
CUST_01338,Customer 1338
CUST_01339,Customer 1339
CUST_01340,Customer 1340
CUST_01341,Customer 1341
CUST_01342,Customer 1342
CUST_01343,Customer 1343
CUST_01344,Customer 1344
CUST_01345,Customer 1345
CUST_01346,Customer 1346
CUST_01347,Customer 1347
CUST_01348,Customer 1348
CUST_01349,Customer 1349
CUST_01350,Customer 1350
CUST_01351,Customer 1351
CUST_01352,Customer 1352
CUST_01353,Customer 1353
CUST_01354,Customer 1354
CUST_01355,Customer 1355
CUST_01356,Customer 1356
CUST_01357,Customer 1357
CUST_01358,Customer 1358
CUST_01359,Customer 1359
CUST_01360,Customer 1360
CUST_01361,Customer 1361
CUST_01362,Customer 1362
CUST_01363,Customer 1363
CUST_01364,Customer 1364
CUST_01365,Customer 1365
CUST_01366,Customer 1366
CUST_01367,Customer 1367
CUST_01368,Customer 1368
CUST_01369,Customer 1369
CUST_01370,Customer 1370
CUST_01371,Customer 1371
CUST_01372,Customer 1372
CUST_01373,Customer 1373
CUST_01374,Customer 1374
CUST_01375,Customer 1375
CUST_01376,Customer 1376
CUST_01377,Customer 1377
CUST_01378,Customer 1378
CUST_01379,Customer 1379
CUST_01380,Customer 1380
CUST_01381,Customer 1381
CUST_01382,Customer 1382
CUST_01383,Customer 1383
CUST_01384,Customer 1384
CUST_01385,Customer 1385
CUST_01386,Customer 1386
CUST_01387,Customer 1387
CUST_01388,Customer 1388
CUST_01389,Customer 1389
CUST_01390,Customer 1390
CUST_01391,Customer 1391
CUST_01392,Customer 1392
CUST_01393,Customer 1393
CUST_01394,Customer 1394
CUST_01395,Customer 1395
CUST_01396,Customer 1396
CUST_01397,Customer 1397
CUST_01398,Customer 1398
CUST_01399,Customer 1399
CUST_01400,Customer 1400
CUST_01401,Customer 1401
CUST_01402,Customer 1402
CUST_01403,Customer 1403
CUST_01404,Customer 1404
CUST_01405,Customer 1405
CUST_01406,Customer 1406
CUST_01407,Customer 1407
CUST_01408,Customer 1408
CUST_01409,Customer 1409
CUST_01410,Customer 1410
CUST_01411,Customer 1411
CUST_01412,Customer 1412
CUST_01413,Customer 1413
CUST_01414,Customer 1414
CUST_01415,Customer 1415
CUST_01416,Customer 1416
CUST_01417,Customer 1417
CUST_01418,Customer 1418
CUST_01419,Customer 1419
CUST_01420,Customer 1420
CUST_01421,Customer 1421
CUST_01422,Customer 1422
CUST_01423,Customer 1423
CUST_01424,Customer 1424
CUST_01425,Customer 1425
CUST_01426,Customer 1426
CUST_01427,Customer 1427
CUST_01428,Customer 1428
CUST_01429,Customer 1429
CUST_01430,Customer 1430
CUST_01431,Customer 1431
CUST_01432,Customer 1432
CUST_01433,Customer 1433
CUST_01434,Customer 1434
CUST_01435,Customer 1435
CUST_01436,Customer 1436
CUST_01437,Customer 1437
CUST_01438,Customer 1438
CUST_01439,Customer 1439
CUST_01440,Customer 1440
CUST_01441,Customer 1441
CUST_01442,Customer 1442
CUST_01443,Customer 1443
CUST_01444,Customer 1444
CUST_01445,Customer 1445
CUST_01446,Customer 1446
CUST_01447,Customer 1447
CUST_01448,Customer 1448
CUST_01449,Customer 1449
CUST_01450,Customer 1450
CUST_01451,Customer 1451
CUST_01452,Customer 1452
CUST_01453,Customer 1453
CUST_01454,Customer 1454
CUST_01455,Customer 1455
CUST_01456,Customer 1456
CUST_01457,Customer 1457
CUST_01458,Customer 1458
CUST_01459,Customer 1459
CUST_01460,Customer 1460
CUST_01461,Customer 1461
CUST_01462,Customer 1462
CUST_01463,Customer 1463
CUST_01464,Customer 1464
CUST_01465,Customer 1465
CUST_01466,Customer 1466
CUST_01467,Customer 1467
CUST_01468,Customer 1468
CUST_01469,Customer 1469
CUST_01470,Customer 1470
CUST_01471,Customer 1471
CUST_01472,Customer 1472
CUST_01473,Customer 1473
CUST_01474,Customer 1474
CUST_01475,Customer 1475
CUST_01476,Customer 1476
CUST_01477,Customer 1477
CUST_01478,Customer 1478
CUST_01479,Customer 1479
CUST_01480,Customer 1480
CUST_01481,Customer 1481
CUST_01482,Customer 1482
CUST_01483,Customer 1483
CUST_01484,Customer 1484
CUST_01485,Customer 1485
CUST_01486,Customer 1486
CUST_01487,Customer 1487
CUST_01488,Customer 1488
CUST_01489,Customer 1489
CUST_01490,Customer 1490
CUST_01491,Customer 1491
CUST_01492,Customer 1492
CUST_01493,Customer 1493
CUST_01494,Customer 1494
CUST_01495,Customer 1495
CUST_01496,Customer 1496
CUST_01497,Customer 1497
CUST_01498,Customer 1498
CUST_01499,Customer 1499
CUST_01500,Customer 1500
CUST_01501,Customer 1501
CUST_01502,Customer 1502
CUST_01503,Customer 1503
CUST_01504,Customer 1504
CUST_01505,Customer 1505
CUST_01506,Customer 1506
CUST_01507,Customer 1507
CUST_01508,Customer 1508
CUST_01509,Customer 1509
CUST_01510,Customer 1510
CUST_01511,Customer 1511
CUST_01512,Customer 1512
CUST_01513,Customer 1513
CUST_01514,Customer 1514
CUST_01515,Customer 1515
CUST_01516,Customer 1516
CUST_01517,Customer 1517
CUST_01518,Customer 1518
CUST_01519,Customer 1519
CUST_01520,Customer 1520
CUST_01521,Customer 1521
CUST_01522,Customer 1522
CUST_01523,Customer 1523
CUST_01524,Customer 1524
CUST_01525,Customer 1525
CUST_01526,Customer 1526
CUST_01527,Customer 1527
CUST_01528,Customer 1528
CUST_01529,Customer 1529
CUST_01530,Customer 1530
CUST_01531,Customer 1531
CUST_01532,Customer 1532
CUST_01533,Customer 1533
CUST_01534,Customer 1534
CUST_01535,Customer 1535
CUST_01536,Customer 1536
CUST_01537,Customer 1537
CUST_01538,Customer 1538
CUST_01539,Customer 1539
CUST_01540,Customer 1540
CUST_01541,Customer 1541
CUST_01542,Customer 1542
CUST_01543,Customer 1543
CUST_01544,Customer 1544
CUST_01545,Customer 1545
CUST_01546,Customer 1546
CUST_01547,Customer 1547
CUST_01548,Customer 1548
CUST_01549,Customer 1549
CUST_01550,Customer 1550
CUST_01551,Customer 1551
CUST_01552,Customer 1552
CUST_01553,Customer 1553
CUST_01554,Customer 1554
CUST_01555,Customer 1555
CUST_01556,Customer 1556
CUST_01557,Customer 1557
CUST_01558,Customer 1558
CUST_01559,Customer 1559
CUST_01560,Customer 1560
CUST_01561,Customer 1561
CUST_01562,Customer 1562
CUST_01563,Customer 1563
CUST_01564,Customer 1564
CUST_01565,Customer 1565
CUST_01566,Customer 1566
CUST_01567,Customer 1567
CUST_01568,Customer 1568
CUST_01569,Customer 1569
CUST_01570,Customer 1570
CUST_01571,Customer 1571
CUST_01572,Customer 1572
CUST_01573,Customer 1573
CUST_01574,Customer 1574
CUST_01575,Customer 1575
CUST_01576,Customer 1576
CUST_01577,Customer 1577
CUST_01578,Customer 1578
CUST_01579,Customer 1579
CUST_01580,Customer 1580
CUST_01581,Customer 1581
CUST_01582,Customer 1582
CUST_01583,Customer 1583
CUST_01584,Customer 1584
CUST_01585,Customer 1585
CUST_01586,Customer 1586
CUST_01587,Customer 1587
CUST_01588,Customer 1588
CUST_01589,Customer 1589
CUST_01590,Customer 1590
CUST_01591,Customer 1591
CUST_01592,Customer 1592
CUST_01593,Customer 1593
CUST_01594,Customer 1594
CUST_01595,Customer 1595
CUST_01596,Customer 1596
CUST_01597,Customer 1597
CUST_01598,Customer 1598
CUST_01599,Customer 1599
CUST_01600,Customer 1600
CUST_01601,Customer 1601
CUST_01602,Customer 1602
CUST_01603,Customer 1603
CUST_01604,Customer 1604
CUST_01605,Customer 1605
CUST_01606,Customer 1606
CUST_01607,Customer 1607
CUST_01608,Customer 1608
CUST_01609,Customer 1609
CUST_01610,Customer 1610
CUST_01611,Customer 1611
CUST_01612,Customer 1612
CUST_01613,Customer 1613
CUST_01614,Customer 1614
CUST_01615,Customer 1615
CUST_01616,Customer 1616
CUST_01617,Customer 1617
CUST_01618,Customer 1618
CUST_01619,Customer 1619
CUST_01620,Customer 1620
CUST_01621,Customer 1621
CUST_01622,Customer 1622
CUST_01623,Customer 1623
CUST_01624,Customer 1624
CUST_01625,Customer 1625
CUST_01626,Customer 1626
CUST_01627,Customer 1627
CUST_01628,Customer 1628
CUST_01629,Customer 1629
CUST_01630,Customer 1630
CUST_01631,Customer 1631
CUST_01632,Customer 1632
CUST_01633,Customer 1633
CUST_01634,Customer 1634
CUST_01635,Customer 1635
CUST_01636,Customer 1636
CUST_01637,Customer 1637
CUST_01638,Customer 1638
CUST_01639,Customer 1639
CUST_01640,Customer 1640
CUST_01641,Customer 1641
CUST_01642,Customer 1642
CUST_01643,Customer 1643
CUST_01644,Customer 1644
CUST_01645,Customer 1645
CUST_01646,Customer 1646
CUST_01647,Customer 1647
CUST_01648,Customer 1648
CUST_01649,Customer 1649
CUST_01650,Customer 1650
CUST_01651,Customer 1651
CUST_01652,Customer 1652
CUST_01653,Customer 1653
CUST_01654,Customer 1654
CUST_01655,Customer 1655
CUST_01656,Customer 1656
CUST_01657,Customer 1657
CUST_01658,Customer 1658
CUST_01659,Customer 1659
CUST_01660,Customer 1660
CUST_01661,Customer 1661
CUST_01662,Customer 1662
CUST_01663,Customer 1663
CUST_01664,Customer 1664
CUST_01665,Customer 1665
CUST_01666,Customer 1666
CUST_01667,Customer 1667
CUST_01668,Customer 1668
CUST_01669,Customer 1669
CUST_01670,Customer 1670
CUST_01671,Customer 1671
CUST_01672,Customer 1672
CUST_01673,Customer 1673
CUST_01674,Customer 1674
CUST_01675,Customer 1675
CUST_01676,Customer 1676
CUST_01677,Customer 1677
CUST_01678,Customer 1678
CUST_01679,Customer 1679
CUST_01680,Customer 1680
CUST_01681,Customer 1681
CUST_01682,Customer 1682
CUST_01683,Customer 1683
CUST_01684,Customer 1684
CUST_01685,Customer 1685
CUST_01686,Customer 1686
CUST_01687,Customer 1687
CUST_01688,Customer 1688
CUST_01689,Customer 1689
CUST_01690,Customer 1690
CUST_01691,Customer 1691
CUST_01692,Customer 1692
CUST_01693,Customer 1693
CUST_01694,Customer 1694
CUST_01695,Customer 1695
CUST_01696,Customer 1696
CUST_01697,Customer 1697
CUST_01698,Customer 1698
CUST_01699,Customer 1699
CUST_01700,Customer 1700
CUST_01701,Customer 1701
CUST_01702,Customer 1702
CUST_01703,Customer 1703
CUST_01704,Customer 1704
CUST_01705,Customer 1705
CUST_01706,Customer 1706
CUST_01707,Customer 1707
CUST_01708,Customer 1708
CUST_01709,Customer 1709
CUST_01710,Customer 1710
CUST_01711,Customer 1711
CUST_01712,Customer 1712
CUST_01713,Customer 1713
CUST_01714,Customer 1714
CUST_01715,Customer 1715
CUST_01716,Customer 1716
CUST_01717,Customer 1717
CUST_01718,Customer 1718
CUST_01719,Customer 1719
CUST_01720,Customer 1720
CUST_01721,Customer 1721
CUST_01722,Customer 1722
CUST_01723,Customer 1723
CUST_01724,Customer 1724
CUST_01725,Customer 1725
CUST_01726,Customer 1726
CUST_01727,Customer 1727
CUST_01728,Customer 1728
CUST_01729,Customer 1729
CUST_01730,Customer 1730
CUST_01731,Customer 1731
CUST_01732,Customer 1732
CUST_01733,Customer 1733
CUST_01734,Customer 1734
CUST_01735,Customer 1735
CUST_01736,Customer 1736
CUST_01737,Customer 1737
CUST_01738,Customer 1738
CUST_01739,Customer 1739
CUST_01740,Customer 1740
CUST_01741,Customer 1741
CUST_01742,Customer 1742
CUST_01743,Customer 1743
CUST_01744,Customer 1744
CUST_01745,Customer 1745
CUST_01746,Customer 1746
CUST_01747,Customer 1747
CUST_01748,Customer 1748
CUST_01749,Customer 1749
CUST_01750,Customer 1750
CUST_01751,Customer 1751
CUST_01752,Customer 1752
CUST_01753,Customer 1753
CUST_01754,Customer 1754
CUST_01755,Customer 1755
CUST_01756,Customer 1756
CUST_01757,Customer 1757
CUST_01758,Customer 1758
CUST_01759,Customer 1759
CUST_01760,Customer 1760
CUST_01761,Customer 1761
CUST_01762,Customer 1762
CUST_01763,Customer 1763
CUST_01764,Customer 1764
CUST_01765,Customer 1765
CUST_01766,Customer 1766
CUST_01767,Customer 1767
CUST_01768,Customer 1768
CUST_01769,Customer 1769
CUST_01770,Customer 1770
CUST_01771,Customer 1771
CUST_01772,Customer 1772
CUST_01773,Customer 1773
CUST_01774,Customer 1774
CUST_01775,Customer 1775
CUST_01776,Customer 1776
CUST_01777,Customer 1777
CUST_01778,Customer 1778
CUST_01779,Customer 1779
CUST_01780,Customer 1780
CUST_01781,Customer 1781
CUST_01782,Customer 1782
CUST_01783,Customer 1783
CUST_01784,Customer 1784
CUST_01785,Customer 1785
CUST_01786,Customer 1786
CUST_01787,Customer 1787
CUST_01788,Customer 1788
CUST_01789,Customer 1789
CUST_01790,Customer 1790
CUST_01791,Customer 1791
CUST_01792,Customer 1792
CUST_01793,Customer 1793
CUST_01794,Customer 1794
CUST_01795,Customer 1795
CUST_01796,Customer 1796
CUST_01797,Customer 1797
CUST_01798,Customer 1798
CUST_01799,Customer 1799
CUST_01800,Customer 1800
CUST_01801,Customer 1801
CUST_01802,Customer 1802
CUST_01803,Customer 1803
CUST_01804,Customer 1804
CUST_01805,Customer 1805
CUST_01806,Customer 1806
CUST_01807,Customer 1807
CUST_01808,Customer 1808
CUST_01809,Customer 1809
CUST_01810,Customer 1810
CUST_01811,Customer 1811
CUST_01812,Customer 1812
CUST_01813,Customer 1813
CUST_01814,Customer 1814
CUST_01815,Customer 1815
CUST_01816,Customer 1816
CUST_01817,Customer 1817
CUST_01818,Customer 1818
CUST_01819,Customer 1819
CUST_01820,Customer 1820
CUST_01821,Customer 1821
CUST_01822,Customer 1822
CUST_01823,Customer 1823
CUST_01824,Customer 1824
CUST_01825,Customer 1825
CUST_01826,Customer 1826
CUST_01827,Customer 1827
CUST_01828,Customer 1828
CUST_01829,Customer 1829
CUST_01830,Customer 1830
CUST_01831,Customer 1831
CUST_01832,Customer 1832
CUST_01833,Customer 1833
CUST_01834,Customer 1834
CUST_01835,Customer 1835
CUST_01836,Customer 1836
CUST_01837,Customer 1837
CUST_01838,Customer 1838
CUST_01839,Customer 1839
CUST_01840,Customer 1840
CUST_01841,Customer 1841
CUST_01842,Customer 1842
CUST_01843,Customer 1843
CUST_01844,Customer 1844
CUST_01845,Customer 1845
CUST_01846,Customer 1846
CUST_01847,Customer 1847
CUST_01848,Customer 1848
CUST_01849,Customer 1849
CUST_01850,Customer 1850
CUST_01851,Customer 1851
CUST_01852,Customer 1852
CUST_01853,Customer 1853
CUST_01854,Customer 1854
CUST_01855,Customer 1855
CUST_01856,Customer 1856
CUST_01857,Customer 1857
CUST_01858,Customer 1858
CUST_01859,Customer 1859
CUST_01860,Customer 1860
CUST_01861,Customer 1861
CUST_01862,Customer 1862
CUST_01863,Customer 1863
CUST_01864,Customer 1864
CUST_01865,Customer 1865
CUST_01866,Customer 1866
CUST_01867,Customer 1867
CUST_01868,Customer 1868
CUST_01869,Customer 1869
CUST_01870,Customer 1870
CUST_01871,Customer 1871
CUST_01872,Customer 1872
CUST_01873,Customer 1873
CUST_01874,Customer 1874
CUST_01875,Customer 1875
CUST_01876,Customer 1876
CUST_01877,Customer 1877
CUST_01878,Customer 1878
CUST_01879,Customer 1879
CUST_01880,Customer 1880
CUST_01881,Customer 1881
CUST_01882,Customer 1882
CUST_01883,Customer 1883
CUST_01884,Customer 1884
CUST_01885,Customer 1885
CUST_01886,Customer 1886
CUST_01887,Customer 1887
CUST_01888,Customer 1888
CUST_01889,Customer 1889
CUST_01890,Customer 1890
CUST_01891,Customer 1891
CUST_01892,Customer 1892
CUST_01893,Customer 1893
CUST_01894,Customer 1894
CUST_01895,Customer 1895
CUST_01896,Customer 1896
CUST_01897,Customer 1897
CUST_01898,Customer 1898
CUST_01899,Customer 1899
CUST_01900,Customer 1900
CUST_01901,Customer 1901
CUST_01902,Customer 1902
CUST_01903,Customer 1903
CUST_01904,Customer 1904
CUST_01905,Customer 1905
CUST_01906,Customer 1906
CUST_01907,Customer 1907
CUST_01908,Customer 1908
CUST_01909,Customer 1909
CUST_01910,Customer 1910
CUST_01911,Customer 1911
CUST_01912,Customer 1912
CUST_01913,Customer 1913
CUST_01914,Customer 1914
CUST_01915,Customer 1915
CUST_01916,Customer 1916
CUST_01917,Customer 1917
CUST_01918,Customer 1918
CUST_01919,Customer 1919
CUST_01920,Customer 1920
CUST_01921,Customer 1921
CUST_01922,Customer 1922
CUST_01923,Customer 1923
CUST_01924,Customer 1924
CUST_01925,Customer 1925
CUST_01926,Customer 1926
CUST_01927,Customer 1927
CUST_01928,Customer 1928
CUST_01929,Customer 1929
CUST_01930,Customer 1930
CUST_01931,Customer 1931
CUST_01932,Customer 1932
CUST_01933,Customer 1933
CUST_01934,Customer 1934
CUST_01935,Customer 1935
CUST_01936,Customer 1936
CUST_01937,Customer 1937
CUST_01938,Customer 1938
CUST_01939,Customer 1939
CUST_01940,Customer 1940
CUST_01941,Customer 1941
CUST_01942,Customer 1942
CUST_01943,Customer 1943
CUST_01944,Customer 1944
CUST_01945,Customer 1945
CUST_01946,Customer 1946
CUST_01947,Customer 1947
CUST_01948,Customer 1948
CUST_01949,Customer 1949
CUST_01950,Customer 1950
CUST_01951,Customer 1951
CUST_01952,Customer 1952
CUST_01953,Customer 1953
CUST_01954,Customer 1954
CUST_01955,Customer 1955
CUST_01956,Customer 1956
CUST_01957,Customer 1957
CUST_01958,Customer 1958
CUST_01959,Customer 1959
CUST_01960,Customer 1960
CUST_01961,Customer 1961
CUST_01962,Customer 1962
CUST_01963,Customer 1963
CUST_01964,Customer 1964
CUST_01965,Customer 1965
CUST_01966,Customer 1966
CUST_01967,Customer 1967
CUST_01968,Customer 1968
CUST_01969,Customer 1969
CUST_01970,Customer 1970
CUST_01971,Customer 1971
CUST_01972,Customer 1972
CUST_01973,Customer 1973
CUST_01974,Customer 1974
CUST_01975,Customer 1975
CUST_01976,Customer 1976
CUST_01977,Customer 1977
CUST_01978,Customer 1978
CUST_01979,Customer 1979
CUST_01980,Customer 1980
CUST_01981,Customer 1981
CUST_01982,Customer 1982
CUST_01983,Customer 1983
CUST_01984,Customer 1984
CUST_01985,Customer 1985
CUST_01986,Customer 1986
CUST_01987,Customer 1987
CUST_01988,Customer 1988
CUST_01989,Customer 1989
CUST_01990,Customer 1990
CUST_01991,Customer 1991
CUST_01992,Customer 1992
CUST_01993,Customer 1993
CUST_01994,Customer 1994
CUST_01995,Customer 1995
CUST_01996,Customer 1996
CUST_01997,Customer 1997
CUST_01998,Customer 1998
CUST_01999,Customer 1999
CUST_02000,Customer 2000
CUST_02001,Customer 2001
CUST_02002,Customer 2002
CUST_02003,Customer 2003
CUST_02004,Customer 2004
CUST_02005,Customer 2005
CUST_02006,Customer 2006
CUST_02007,Customer 2007
CUST_02008,Customer 2008
CUST_02009,Customer 2009
CUST_02010,Customer 2010
CUST_02011,Customer 2011
CUST_02012,Customer 2012
CUST_02013,Customer 2013
CUST_02014,Customer 2014
CUST_02015,Customer 2015
CUST_02016,Customer 2016
CUST_02017,Customer 2017
CUST_02018,Customer 2018
CUST_02019,Customer 2019
CUST_02020,Customer 2020
CUST_02021,Customer 2021
CUST_02022,Customer 2022
CUST_02023,Customer 2023
CUST_02024,Customer 2024
CUST_02025,Customer 2025
CUST_02026,Customer 2026
CUST_02027,Customer 2027
CUST_02028,Customer 2028
CUST_02029,Customer 2029
CUST_02030,Customer 2030
CUST_02031,Customer 2031
CUST_02032,Customer 2032
CUST_02033,Customer 2033
CUST_02034,Customer 2034
CUST_02035,Customer 2035
CUST_02036,Customer 2036
CUST_02037,Customer 2037
CUST_02038,Customer 2038
CUST_02039,Customer 2039
CUST_02040,Customer 2040
CUST_02041,Customer 2041
CUST_02042,Customer 2042
CUST_02043,Customer 2043
CUST_02044,Customer 2044
CUST_02045,Customer 2045
CUST_02046,Customer 2046
CUST_02047,Customer 2047
CUST_02048,Customer 2048
CUST_02049,Customer 2049
CUST_02050,Customer 2050
CUST_02051,Customer 2051
CUST_02052,Customer 2052
CUST_02053,Customer 2053
CUST_02054,Customer 2054
CUST_02055,Customer 2055
CUST_02056,Customer 2056
CUST_02057,Customer 2057
CUST_02058,Customer 2058
CUST_02059,Customer 2059
CUST_02060,Customer 2060
CUST_02061,Customer 2061
CUST_02062,Customer 2062
CUST_02063,Customer 2063
CUST_02064,Customer 2064
CUST_02065,Customer 2065
CUST_02066,Customer 2066
CUST_02067,Customer 2067
CUST_02068,Customer 2068
CUST_02069,Customer 2069
CUST_02070,Customer 2070
CUST_02071,Customer 2071
CUST_02072,Customer 2072
CUST_02073,Customer 2073
CUST_02074,Customer 2074
CUST_02075,Customer 2075
CUST_02076,Customer 2076
CUST_02077,Customer 2077
CUST_02078,Customer 2078
CUST_02079,Customer 2079
CUST_02080,Customer 2080
CUST_02081,Customer 2081
CUST_02082,Customer 2082
CUST_02083,Customer 2083
CUST_02084,Customer 2084
CUST_02085,Customer 2085
CUST_02086,Customer 2086
CUST_02087,Customer 2087
CUST_02088,Customer 2088
CUST_02089,Customer 2089
CUST_02090,Customer 2090
CUST_02091,Customer 2091
CUST_02092,Customer 2092
CUST_02093,Customer 2093
CUST_02094,Customer 2094
CUST_02095,Customer 2095
CUST_02096,Customer 2096
CUST_02097,Customer 2097
CUST_02098,Customer 2098
CUST_02099,Customer 2099
CUST_02100,Customer 2100
CUST_02101,Customer 2101
CUST_02102,Customer 2102
CUST_02103,Customer 2103
CUST_02104,Customer 2104
CUST_02105,Customer 2105
CUST_02106,Customer 2106
CUST_02107,Customer 2107
CUST_02108,Customer 2108
CUST_02109,Customer 2109
CUST_02110,Customer 2110
CUST_02111,Customer 2111
CUST_02112,Customer 2112
CUST_02113,Customer 2113
CUST_02114,Customer 2114
CUST_02115,Customer 2115
CUST_02116,Customer 2116
CUST_02117,Customer 2117
CUST_02118,Customer 2118
CUST_02119,Customer 2119
CUST_02120,Customer 2120
CUST_02121,Customer 2121
CUST_02122,Customer 2122
CUST_02123,Customer 2123
CUST_02124,Customer 2124
CUST_02125,Customer 2125
CUST_02126,Customer 2126
CUST_02127,Customer 2127
CUST_02128,Customer 2128
CUST_02129,Customer 2129
CUST_02130,Customer 2130
CUST_02131,Customer 2131
CUST_02132,Customer 2132
CUST_02133,Customer 2133
CUST_02134,Customer 2134
CUST_02135,Customer 2135
CUST_02136,Customer 2136
CUST_02137,Customer 2137
CUST_02138,Customer 2138
CUST_02139,Customer 2139
CUST_02140,Customer 2140
CUST_02141,Customer 2141
CUST_02142,Customer 2142
CUST_02143,Customer 2143
CUST_02144,Customer 2144
CUST_02145,Customer 2145
CUST_02146,Customer 2146
CUST_02147,Customer 2147
CUST_02148,Customer 2148
CUST_02149,Customer 2149
CUST_02150,Customer 2150
CUST_02151,Customer 2151
CUST_02152,Customer 2152
CUST_02153,Customer 2153
CUST_02154,Customer 2154
CUST_02155,Customer 2155
CUST_02156,Customer 2156
CUST_02157,Customer 2157
CUST_02158,Customer 2158
CUST_02159,Customer 2159
CUST_02160,Customer 2160
CUST_02161,Customer 2161
CUST_02162,Customer 2162
CUST_02163,Customer 2163
CUST_02164,Customer 2164
CUST_02165,Customer 2165
CUST_02166,Customer 2166
CUST_02167,Customer 2167
CUST_02168,Customer 2168
CUST_02169,Customer 2169
CUST_02170,Customer 2170
CUST_02171,Customer 2171
CUST_02172,Customer 2172
CUST_02173,Customer 2173
CUST_02174,Customer 2174
CUST_02175,Customer 2175
CUST_02176,Customer 2176
CUST_02177,Customer 2177
CUST_02178,Customer 2178
CUST_02179,Customer 2179
CUST_02180,Customer 2180
CUST_02181,Customer 2181
CUST_02182,Customer 2182
CUST_02183,Customer 2183
CUST_02184,Customer 2184
CUST_02185,Customer 2185
CUST_02186,Customer 2186
CUST_02187,Customer 2187
CUST_02188,Customer 2188
CUST_02189,Customer 2189
CUST_02190,Customer 2190
CUST_02191,Customer 2191
CUST_02192,Customer 2192
CUST_02193,Customer 2193
CUST_02194,Customer 2194
CUST_02195,Customer 2195
CUST_02196,Customer 2196
CUST_02197,Customer 2197
CUST_02198,Customer 2198
CUST_02199,Customer 2199
CUST_02200,Customer 2200
CUST_02201,Customer 2201
CUST_02202,Customer 2202
CUST_02203,Customer 2203
CUST_02204,Customer 2204
CUST_02205,Customer 2205
CUST_02206,Customer 2206
CUST_02207,Customer 2207
CUST_02208,Customer 2208
CUST_02209,Customer 2209
CUST_02210,Customer 2210
CUST_02211,Customer 2211
CUST_02212,Customer 2212
CUST_02213,Customer 2213
CUST_02214,Customer 2214
CUST_02215,Customer 2215
CUST_02216,Customer 2216
CUST_02217,Customer 2217
CUST_02218,Customer 2218
CUST_02219,Customer 2219
CUST_02220,Customer 2220
CUST_02221,Customer 2221
CUST_02222,Customer 2222
CUST_02223,Customer 2223
CUST_02224,Customer 2224
CUST_02225,Customer 2225
CUST_02226,Customer 2226
CUST_02227,Customer 2227
CUST_02228,Customer 2228
CUST_02229,Customer 2229
CUST_02230,Customer 2230
CUST_02231,Customer 2231
CUST_02232,Customer 2232
CUST_02233,Customer 2233
CUST_02234,Customer 2234
CUST_02235,Customer 2235
CUST_02236,Customer 2236
CUST_02237,Customer 2237
CUST_02238,Customer 2238
CUST_02239,Customer 2239
CUST_02240,Customer 2240
CUST_02241,Customer 2241
CUST_02242,Customer 2242
CUST_02243,Customer 2243
CUST_02244,Customer 2244
CUST_02245,Customer 2245
CUST_02246,Customer 2246
CUST_02247,Customer 2247
CUST_02248,Customer 2248
CUST_02249,Customer 2249
CUST_02250,Customer 2250
CUST_02251,Customer 2251
CUST_02252,Customer 2252
CUST_02253,Customer 2253
CUST_02254,Customer 2254
CUST_02255,Customer 2255
CUST_02256,Customer 2256
CUST_02257,Customer 2257
CUST_02258,Customer 2258
CUST_02259,Customer 2259
CUST_02260,Customer 2260
CUST_02261,Customer 2261
CUST_02262,Customer 2262
CUST_02263,Customer 2263
CUST_02264,Customer 2264
CUST_02265,Customer 2265
CUST_02266,Customer 2266
CUST_02267,Customer 2267
CUST_02268,Customer 2268
CUST_02269,Customer 2269
CUST_02270,Customer 2270
CUST_02271,Customer 2271
CUST_02272,Customer 2272
CUST_02273,Customer 2273
CUST_02274,Customer 2274
CUST_02275,Customer 2275
CUST_02276,Customer 2276
CUST_02277,Customer 2277
CUST_02278,Customer 2278
CUST_02279,Customer 2279
CUST_02280,Customer 2280
CUST_02281,Customer 2281
CUST_02282,Customer 2282
CUST_02283,Customer 2283
CUST_02284,Customer 2284
CUST_02285,Customer 2285
CUST_02286,Customer 2286
CUST_02287,Customer 2287
CUST_02288,Customer 2288
CUST_02289,Customer 2289
CUST_02290,Customer 2290
CUST_02291,Customer 2291
CUST_02292,Customer 2292
CUST_02293,Customer 2293
CUST_02294,Customer 2294
CUST_02295,Customer 2295
CUST_02296,Customer 2296
CUST_02297,Customer 2297
CUST_02298,Customer 2298
CUST_02299,Customer 2299
CUST_02300,Customer 2300
CUST_02301,Customer 2301
CUST_02302,Customer 2302
CUST_02303,Customer 2303
CUST_02304,Customer 2304
CUST_02305,Customer 2305
CUST_02306,Customer 2306
CUST_02307,Customer 2307
CUST_02308,Customer 2308
CUST_02309,Customer 2309
CUST_02310,Customer 2310
CUST_02311,Customer 2311
CUST_02312,Customer 2312
CUST_02313,Customer 2313
CUST_02314,Customer 2314
CUST_02315,Customer 2315
CUST_02316,Customer 2316
CUST_02317,Customer 2317
CUST_02318,Customer 2318
CUST_02319,Customer 2319
CUST_02320,Customer 2320
CUST_02321,Customer 2321
CUST_02322,Customer 2322
CUST_02323,Customer 2323
CUST_02324,Customer 2324
CUST_02325,Customer 2325
CUST_02326,Customer 2326
CUST_02327,Customer 2327
CUST_02328,Customer 2328
CUST_02329,Customer 2329
CUST_02330,Customer 2330
CUST_02331,Customer 2331
CUST_02332,Customer 2332
CUST_02333,Customer 2333
CUST_02334,Customer 2334
CUST_02335,Customer 2335
CUST_02336,Customer 2336
CUST_02337,Customer 2337
CUST_02338,Customer 2338
CUST_02339,Customer 2339
CUST_02340,Customer 2340
CUST_02341,Customer 2341
CUST_02342,Customer 2342
CUST_02343,Customer 2343
CUST_02344,Customer 2344
CUST_02345,Customer 2345
CUST_02346,Customer 2346
CUST_02347,Customer 2347
CUST_02348,Customer 2348
CUST_02349,Customer 2349
CUST_02350,Customer 2350
CUST_02351,Customer 2351
CUST_02352,Customer 2352
CUST_02353,Customer 2353
CUST_02354,Customer 2354
CUST_02355,Customer 2355
CUST_02356,Customer 2356
CUST_02357,Customer 2357
CUST_02358,Customer 2358
CUST_02359,Customer 2359
CUST_02360,Customer 2360
CUST_02361,Customer 2361
CUST_02362,Customer 2362
CUST_02363,Customer 2363
CUST_02364,Customer 2364
CUST_02365,Customer 2365
CUST_02366,Customer 2366
CUST_02367,Customer 2367
CUST_02368,Customer 2368
CUST_02369,Customer 2369
CUST_02370,Customer 2370
CUST_02371,Customer 2371
CUST_02372,Customer 2372
CUST_02373,Customer 2373
CUST_02374,Customer 2374
CUST_02375,Customer 2375
CUST_02376,Customer 2376
CUST_02377,Customer 2377
CUST_02378,Customer 2378
CUST_02379,Customer 2379
CUST_02380,Customer 2380
CUST_02381,Customer 2381
CUST_02382,Customer 2382
CUST_02383,Customer 2383
CUST_02384,Customer 2384
CUST_02385,Customer 2385
CUST_02386,Customer 2386
CUST_02387,Customer 2387
CUST_02388,Customer 2388
CUST_02389,Customer 2389
CUST_02390,Customer 2390
CUST_02391,Customer 2391
CUST_02392,Customer 2392
CUST_02393,Customer 2393
CUST_02394,Customer 2394
CUST_02395,Customer 2395
CUST_02396,Customer 2396
CUST_02397,Customer 2397
CUST_02398,Customer 2398
CUST_02399,Customer 2399
CUST_02400,Customer 2400
CUST_02401,Customer 2401
CUST_02402,Customer 2402
CUST_02403,Customer 2403
CUST_02404,Customer 2404
CUST_02405,Customer 2405
CUST_02406,Customer 2406
CUST_02407,Customer 2407
CUST_02408,Customer 2408
CUST_02409,Customer 2409
CUST_02410,Customer 2410
CUST_02411,Customer 2411
CUST_02412,Customer 2412
CUST_02413,Customer 2413
CUST_02414,Customer 2414
CUST_02415,Customer 2415
CUST_02416,Customer 2416
CUST_02417,Customer 2417
CUST_02418,Customer 2418
CUST_02419,Customer 2419
CUST_02420,Customer 2420
CUST_02421,Customer 2421
CUST_02422,Customer 2422
CUST_02423,Customer 2423
CUST_02424,Customer 2424
CUST_02425,Customer 2425
CUST_02426,Customer 2426
CUST_02427,Customer 2427
CUST_02428,Customer 2428
CUST_02429,Customer 2429
CUST_02430,Customer 2430
CUST_02431,Customer 2431
CUST_02432,Customer 2432
CUST_02433,Customer 2433
CUST_02434,Customer 2434
CUST_02435,Customer 2435
CUST_02436,Customer 2436
CUST_02437,Customer 2437
CUST_02438,Customer 2438
CUST_02439,Customer 2439
CUST_02440,Customer 2440
CUST_02441,Customer 2441
CUST_02442,Customer 2442
CUST_02443,Customer 2443
CUST_02444,Customer 2444
CUST_02445,Customer 2445
CUST_02446,Customer 2446
CUST_02447,Customer 2447
CUST_02448,Customer 2448
CUST_02449,Customer 2449
CUST_02450,Customer 2450
CUST_02451,Customer 2451
CUST_02452,Customer 2452
CUST_02453,Customer 2453
CUST_02454,Customer 2454
CUST_02455,Customer 2455
CUST_02456,Customer 2456
CUST_02457,Customer 2457
CUST_02458,Customer 2458
CUST_02459,Customer 2459
CUST_02460,Customer 2460
CUST_02461,Customer 2461
CUST_02462,Customer 2462
CUST_02463,Customer 2463
CUST_02464,Customer 2464
CUST_02465,Customer 2465
CUST_02466,Customer 2466
CUST_02467,Customer 2467
CUST_02468,Customer 2468
CUST_02469,Customer 2469
CUST_02470,Customer 2470
CUST_02471,Customer 2471
CUST_02472,Customer 2472
CUST_02473,Customer 2473
CUST_02474,Customer 2474
CUST_02475,Customer 2475
CUST_02476,Customer 2476
CUST_02477,Customer 2477
CUST_02478,Customer 2478
CUST_02479,Customer 2479
CUST_02480,Customer 2480
CUST_02481,Customer 2481
CUST_02482,Customer 2482
CUST_02483,Customer 2483
CUST_02484,Customer 2484
CUST_02485,Customer 2485
CUST_02486,Customer 2486
CUST_02487,Customer 2487
CUST_02488,Customer 2488
CUST_02489,Customer 2489
CUST_02490,Customer 2490
CUST_02491,Customer 2491
CUST_02492,Customer 2492
CUST_02493,Customer 2493
CUST_02494,Customer 2494
CUST_02495,Customer 2495
CUST_02496,Customer 2496
CUST_02497,Customer 2497
CUST_02498,Customer 2498
CUST_02499,Customer 2499
CUST_02500,Customer 2500
CUST_02501,Customer 2501
CUST_02502,Customer 2502
CUST_02503,Customer 2503
CUST_02504,Customer 2504
CUST_02505,Customer 2505
CUST_02506,Customer 2506
CUST_02507,Customer 2507
CUST_02508,Customer 2508
CUST_02509,Customer 2509
CUST_02510,Customer 2510
CUST_02511,Customer 2511
CUST_02512,Customer 2512
CUST_02513,Customer 2513
CUST_02514,Customer 2514
CUST_02515,Customer 2515
CUST_02516,Customer 2516
CUST_02517,Customer 2517
CUST_02518,Customer 2518
CUST_02519,Customer 2519
CUST_02520,Customer 2520
CUST_02521,Customer 2521
CUST_02522,Customer 2522
CUST_02523,Customer 2523
CUST_02524,Customer 2524
CUST_02525,Customer 2525
CUST_02526,Customer 2526
CUST_02527,Customer 2527
CUST_02528,Customer 2528
CUST_02529,Customer 2529
CUST_02530,Customer 2530
CUST_02531,Customer 2531
CUST_02532,Customer 2532
CUST_02533,Customer 2533
CUST_02534,Customer 2534
CUST_02535,Customer 2535
CUST_02536,Customer 2536
CUST_02537,Customer 2537
CUST_02538,Customer 2538
CUST_02539,Customer 2539
CUST_02540,Customer 2540
CUST_02541,Customer 2541
CUST_02542,Customer 2542
CUST_02543,Customer 2543
CUST_02544,Customer 2544
CUST_02545,Customer 2545
CUST_02546,Customer 2546
CUST_02547,Customer 2547
CUST_02548,Customer 2548
CUST_02549,Customer 2549
CUST_02550,Customer 2550
CUST_02551,Customer 2551
CUST_02552,Customer 2552
CUST_02553,Customer 2553
CUST_02554,Customer 2554
CUST_02555,Customer 2555
CUST_02556,Customer 2556
CUST_02557,Customer 2557
CUST_02558,Customer 2558
CUST_02559,Customer 2559
CUST_02560,Customer 2560
CUST_02561,Customer 2561
CUST_02562,Customer 2562
CUST_02563,Customer 2563
CUST_02564,Customer 2564
CUST_02565,Customer 2565
CUST_02566,Customer 2566
CUST_02567,Customer 2567
CUST_02568,Customer 2568
CUST_02569,Customer 2569
CUST_02570,Customer 2570
CUST_02571,Customer 2571
CUST_02572,Customer 2572
CUST_02573,Customer 2573
CUST_02574,Customer 2574
CUST_02575,Customer 2575
CUST_02576,Customer 2576
CUST_02577,Customer 2577
CUST_02578,Customer 2578
CUST_02579,Customer 2579
CUST_02580,Customer 2580
CUST_02581,Customer 2581
CUST_02582,Customer 2582
CUST_02583,Customer 2583
CUST_02584,Customer 2584
CUST_02585,Customer 2585
CUST_02586,Customer 2586
CUST_02587,Customer 2587
CUST_02588,Customer 2588
CUST_02589,Customer 2589
CUST_02590,Customer 2590
CUST_02591,Customer 2591
CUST_02592,Customer 2592
CUST_02593,Customer 2593
CUST_02594,Customer 2594
CUST_02595,Customer 2595
CUST_02596,Customer 2596
CUST_02597,Customer 2597
CUST_02598,Customer 2598
CUST_02599,Customer 2599
CUST_02600,Customer 2600
CUST_02601,Customer 2601
CUST_02602,Customer 2602
CUST_02603,Customer 2603
CUST_02604,Customer 2604
CUST_02605,Customer 2605
CUST_02606,Customer 2606
CUST_02607,Customer 2607
CUST_02608,Customer 2608
CUST_02609,Customer 2609
CUST_02610,Customer 2610
CUST_02611,Customer 2611
CUST_02612,Customer 2612
CUST_02613,Customer 2613
CUST_02614,Customer 2614
CUST_02615,Customer 2615
CUST_02616,Customer 2616
CUST_02617,Customer 2617
CUST_02618,Customer 2618
CUST_02619,Customer 2619
CUST_02620,Customer 2620
CUST_02621,Customer 2621
CUST_02622,Customer 2622
CUST_02623,Customer 2623
CUST_02624,Customer 2624
CUST_02625,Customer 2625
CUST_02626,Customer 2626
CUST_02627,Customer 2627
CUST_02628,Customer 2628
CUST_02629,Customer 2629
CUST_02630,Customer 2630
CUST_02631,Customer 2631
CUST_02632,Customer 2632
CUST_02633,Customer 2633
CUST_02634,Customer 2634
CUST_02635,Customer 2635
CUST_02636,Customer 2636
CUST_02637,Customer 2637
CUST_02638,Customer 2638
CUST_02639,Customer 2639
CUST_02640,Customer 2640
CUST_02641,Customer 2641
CUST_02642,Customer 2642
CUST_02643,Customer 2643
CUST_02644,Customer 2644
CUST_02645,Customer 2645
CUST_02646,Customer 2646
CUST_02647,Customer 2647
CUST_02648,Customer 2648
CUST_02649,Customer 2649
CUST_02650,Customer 2650
CUST_02651,Customer 2651
CUST_02652,Customer 2652
CUST_02653,Customer 2653
CUST_02654,Customer 2654
CUST_02655,Customer 2655
CUST_02656,Customer 2656
CUST_02657,Customer 2657
CUST_02658,Customer 2658
CUST_02659,Customer 2659
CUST_02660,Customer 2660
CUST_02661,Customer 2661
CUST_02662,Customer 2662
CUST_02663,Customer 2663
CUST_02664,Customer 2664
CUST_02665,Customer 2665
CUST_02666,Customer 2666
CUST_02667,Customer 2667
CUST_02668,Customer 2668
CUST_02669,Customer 2669
CUST_02670,Customer 2670
CUST_02671,Customer 2671
CUST_02672,Customer 2672
CUST_02673,Customer 2673
CUST_02674,Customer 2674
CUST_02675,Customer 2675
CUST_02676,Customer 2676
CUST_02677,Customer 2677
CUST_02678,Customer 2678
CUST_02679,Customer 2679
CUST_02680,Customer 2680
CUST_02681,Customer 2681
CUST_02682,Customer 2682
CUST_02683,Customer 2683
CUST_02684,Customer 2684
CUST_02685,Customer 2685
CUST_02686,Customer 2686
CUST_02687,Customer 2687
CUST_02688,Customer 2688
CUST_02689,Customer 2689
CUST_02690,Customer 2690
CUST_02691,Customer 2691
CUST_02692,Customer 2692
CUST_02693,Customer 2693
CUST_02694,Customer 2694
CUST_02695,Customer 2695
CUST_02696,Customer 2696
CUST_02697,Customer 2697
CUST_02698,Customer 2698
CUST_02699,Customer 2699
CUST_02700,Customer 2700
CUST_02701,Customer 2701
CUST_02702,Customer 2702
CUST_02703,Customer 2703
CUST_02704,Customer 2704
CUST_02705,Customer 2705
CUST_02706,Customer 2706
CUST_02707,Customer 2707
CUST_02708,Customer 2708
CUST_02709,Customer 2709
CUST_02710,Customer 2710
CUST_02711,Customer 2711
CUST_02712,Customer 2712
CUST_02713,Customer 2713
CUST_02714,Customer 2714
CUST_02715,Customer 2715
CUST_02716,Customer 2716
CUST_02717,Customer 2717
CUST_02718,Customer 2718
CUST_02719,Customer 2719
CUST_02720,Customer 2720
CUST_02721,Customer 2721
CUST_02722,Customer 2722
CUST_02723,Customer 2723
CUST_02724,Customer 2724
CUST_02725,Customer 2725
CUST_02726,Customer 2726
CUST_02727,Customer 2727
CUST_02728,Customer 2728
CUST_02729,Customer 2729
CUST_02730,Customer 2730
CUST_02731,Customer 2731
CUST_02732,Customer 2732
CUST_02733,Customer 2733
CUST_02734,Customer 2734
CUST_02735,Customer 2735
CUST_02736,Customer 2736
CUST_02737,Customer 2737
CUST_02738,Customer 2738
CUST_02739,Customer 2739
CUST_02740,Customer 2740
CUST_02741,Customer 2741
CUST_02742,Customer 2742
CUST_02743,Customer 2743
CUST_02744,Customer 2744
CUST_02745,Customer 2745
CUST_02746,Customer 2746
CUST_02747,Customer 2747
CUST_02748,Customer 2748
CUST_02749,Customer 2749
CUST_02750,Customer 2750
CUST_02751,Customer 2751
CUST_02752,Customer 2752
CUST_02753,Customer 2753
CUST_02754,Customer 2754
CUST_02755,Customer 2755
CUST_02756,Customer 2756
CUST_02757,Customer 2757
CUST_02758,Customer 2758
CUST_02759,Customer 2759
CUST_02760,Customer 2760
CUST_02761,Customer 2761
CUST_02762,Customer 2762
CUST_02763,Customer 2763
CUST_02764,Customer 2764
CUST_02765,Customer 2765
CUST_02766,Customer 2766
CUST_02767,Customer 2767
CUST_02768,Customer 2768
CUST_02769,Customer 2769
CUST_02770,Customer 2770
CUST_02771,Customer 2771
CUST_02772,Customer 2772
CUST_02773,Customer 2773
CUST_02774,Customer 2774
CUST_02775,Customer 2775
CUST_02776,Customer 2776
CUST_02777,Customer 2777
CUST_02778,Customer 2778
CUST_02779,Customer 2779
CUST_02780,Customer 2780
CUST_02781,Customer 2781
CUST_02782,Customer 2782
CUST_02783,Customer 2783
CUST_02784,Customer 2784
CUST_02785,Customer 2785
CUST_02786,Customer 2786
CUST_02787,Customer 2787
CUST_02788,Customer 2788
CUST_02789,Customer 2789
CUST_02790,Customer 2790
CUST_02791,Customer 2791
CUST_02792,Customer 2792
CUST_02793,Customer 2793
CUST_02794,Customer 2794
CUST_02795,Customer 2795
CUST_02796,Customer 2796
CUST_02797,Customer 2797
CUST_02798,Customer 2798
CUST_02799,Customer 2799
CUST_02800,Customer 2800
CUST_02801,Customer 2801
CUST_02802,Customer 2802
CUST_02803,Customer 2803
CUST_02804,Customer 2804
CUST_02805,Customer 2805
CUST_02806,Customer 2806
CUST_02807,Customer 2807
CUST_02808,Customer 2808
CUST_02809,Customer 2809
CUST_02810,Customer 2810
CUST_02811,Customer 2811
CUST_02812,Customer 2812
CUST_02813,Customer 2813
CUST_02814,Customer 2814
CUST_02815,Customer 2815
CUST_02816,Customer 2816
CUST_02817,Customer 2817
CUST_02818,Customer 2818
CUST_02819,Customer 2819
CUST_02820,Customer 2820
CUST_02821,Customer 2821
CUST_02822,Customer 2822
CUST_02823,Customer 2823
CUST_02824,Customer 2824
CUST_02825,Customer 2825
CUST_02826,Customer 2826
CUST_02827,Customer 2827
CUST_02828,Customer 2828
CUST_02829,Customer 2829
CUST_02830,Customer 2830
CUST_02831,Customer 2831
CUST_02832,Customer 2832
CUST_02833,Customer 2833
CUST_02834,Customer 2834
CUST_02835,Customer 2835
CUST_02836,Customer 2836
CUST_02837,Customer 2837
CUST_02838,Customer 2838
CUST_02839,Customer 2839
CUST_02840,Customer 2840
CUST_02841,Customer 2841
CUST_02842,Customer 2842
CUST_02843,Customer 2843
CUST_02844,Customer 2844
CUST_02845,Customer 2845
CUST_02846,Customer 2846
CUST_02847,Customer 2847
CUST_02848,Customer 2848
CUST_02849,Customer 2849
CUST_02850,Customer 2850
CUST_02851,Customer 2851
CUST_02852,Customer 2852
CUST_02853,Customer 2853
CUST_02854,Customer 2854
CUST_02855,Customer 2855
CUST_02856,Customer 2856
CUST_02857,Customer 2857
CUST_02858,Customer 2858
CUST_02859,Customer 2859
CUST_02860,Customer 2860
CUST_02861,Customer 2861
CUST_02862,Customer 2862
CUST_02863,Customer 2863
CUST_02864,Customer 2864
CUST_02865,Customer 2865
CUST_02866,Customer 2866
CUST_02867,Customer 2867
CUST_02868,Customer 2868
CUST_02869,Customer 2869
CUST_02870,Customer 2870
CUST_02871,Customer 2871
CUST_02872,Customer 2872
CUST_02873,Customer 2873
CUST_02874,Customer 2874
CUST_02875,Customer 2875
CUST_02876,Customer 2876
CUST_02877,Customer 2877
CUST_02878,Customer 2878
CUST_02879,Customer 2879
CUST_02880,Customer 2880
CUST_02881,Customer 2881
CUST_02882,Customer 2882
CUST_02883,Customer 2883
CUST_02884,Customer 2884
CUST_02885,Customer 2885
CUST_02886,Customer 2886
CUST_02887,Customer 2887
CUST_02888,Customer 2888
CUST_02889,Customer 2889
CUST_02890,Customer 2890
CUST_02891,Customer 2891
CUST_02892,Customer 2892
CUST_02893,Customer 2893
CUST_02894,Customer 2894
CUST_02895,Customer 2895
CUST_02896,Customer 2896
CUST_02897,Customer 2897
CUST_02898,Customer 2898
CUST_02899,Customer 2899
CUST_02900,Customer 2900
CUST_02901,Customer 2901
CUST_02902,Customer 2902
CUST_02903,Customer 2903
CUST_02904,Customer 2904
CUST_02905,Customer 2905
CUST_02906,Customer 2906
CUST_02907,Customer 2907
CUST_02908,Customer 2908
CUST_02909,Customer 2909
CUST_02910,Customer 2910
CUST_02911,Customer 2911
CUST_02912,Customer 2912
CUST_02913,Customer 2913
CUST_02914,Customer 2914
CUST_02915,Customer 2915
CUST_02916,Customer 2916
CUST_02917,Customer 2917
CUST_02918,Customer 2918
CUST_02919,Customer 2919
CUST_02920,Customer 2920
CUST_02921,Customer 2921
CUST_02922,Customer 2922
CUST_02923,Customer 2923
CUST_02924,Customer 2924
CUST_02925,Customer 2925
CUST_02926,Customer 2926
CUST_02927,Customer 2927
CUST_02928,Customer 2928
CUST_02929,Customer 2929
CUST_02930,Customer 2930
CUST_02931,Customer 2931
CUST_02932,Customer 2932
CUST_02933,Customer 2933
CUST_02934,Customer 2934
CUST_02935,Customer 2935
CUST_02936,Customer 2936
CUST_02937,Customer 2937
CUST_02938,Customer 2938
CUST_02939,Customer 2939
CUST_02940,Customer 2940
CUST_02941,Customer 2941
CUST_02942,Customer 2942
CUST_02943,Customer 2943
CUST_02944,Customer 2944
CUST_02945,Customer 2945
CUST_02946,Customer 2946
CUST_02947,Customer 2947
CUST_02948,Customer 2948
CUST_02949,Customer 2949
CUST_02950,Customer 2950
CUST_02951,Customer 2951
CUST_02952,Customer 2952
CUST_02953,Customer 2953
CUST_02954,Customer 2954
CUST_02955,Customer 2955
CUST_02956,Customer 2956
CUST_02957,Customer 2957
CUST_02958,Customer 2958
CUST_02959,Customer 2959
CUST_02960,Customer 2960
CUST_02961,Customer 2961
CUST_02962,Customer 2962
CUST_02963,Customer 2963
CUST_02964,Customer 2964
CUST_02965,Customer 2965
CUST_02966,Customer 2966
CUST_02967,Customer 2967
CUST_02968,Customer 2968
CUST_02969,Customer 2969
CUST_02970,Customer 2970
CUST_02971,Customer 2971
CUST_02972,Customer 2972
CUST_02973,Customer 2973
CUST_02974,Customer 2974
CUST_02975,Customer 2975
CUST_02976,Customer 2976
CUST_02977,Customer 2977
CUST_02978,Customer 2978
CUST_02979,Customer 2979
CUST_02980,Customer 2980
CUST_02981,Customer 2981
CUST_02982,Customer 2982
CUST_02983,Customer 2983
CUST_02984,Customer 2984
CUST_02985,Customer 2985
CUST_02986,Customer 2986
CUST_02987,Customer 2987
CUST_02988,Customer 2988
CUST_02989,Customer 2989
CUST_02990,Customer 2990
CUST_02991,Customer 2991
CUST_02992,Customer 2992
CUST_02993,Customer 2993
CUST_02994,Customer 2994
CUST_02995,Customer 2995
CUST_02996,Customer 2996
CUST_02997,Customer 2997
CUST_02998,Customer 2998
CUST_02999,Customer 2999
CUST_03000,Customer 3000
CUST_03001,Customer 3001
CUST_03002,Customer 3002
CUST_03003,Customer 3003
CUST_03004,Customer 3004
CUST_03005,Customer 3005
CUST_03006,Customer 3006
CUST_03007,Customer 3007
CUST_03008,Customer 3008
CUST_03009,Customer 3009
CUST_03010,Customer 3010
CUST_03011,Customer 3011
CUST_03012,Customer 3012
CUST_03013,Customer 3013
CUST_03014,Customer 3014
CUST_03015,Customer 3015
CUST_03016,Customer 3016
CUST_03017,Customer 3017
CUST_03018,Customer 3018
CUST_03019,Customer 3019
CUST_03020,Customer 3020
CUST_03021,Customer 3021
CUST_03022,Customer 3022
CUST_03023,Customer 3023
CUST_03024,Customer 3024
CUST_03025,Customer 3025
CUST_03026,Customer 3026
CUST_03027,Customer 3027
CUST_03028,Customer 3028
CUST_03029,Customer 3029
CUST_03030,Customer 3030
CUST_03031,Customer 3031
CUST_03032,Customer 3032
CUST_03033,Customer 3033
CUST_03034,Customer 3034
CUST_03035,Customer 3035
CUST_03036,Customer 3036
CUST_03037,Customer 3037
CUST_03038,Customer 3038
CUST_03039,Customer 3039
CUST_03040,Customer 3040
CUST_03041,Customer 3041
CUST_03042,Customer 3042
CUST_03043,Customer 3043
CUST_03044,Customer 3044
CUST_03045,Customer 3045
CUST_03046,Customer 3046
CUST_03047,Customer 3047
CUST_03048,Customer 3048
CUST_03049,Customer 3049
CUST_03050,Customer 3050
CUST_03051,Customer 3051
CUST_03052,Customer 3052
CUST_03053,Customer 3053
CUST_03054,Customer 3054
CUST_03055,Customer 3055
CUST_03056,Customer 3056
CUST_03057,Customer 3057
CUST_03058,Customer 3058
CUST_03059,Customer 3059
CUST_03060,Customer 3060
CUST_03061,Customer 3061
CUST_03062,Customer 3062
CUST_03063,Customer 3063
CUST_03064,Customer 3064
CUST_03065,Customer 3065
CUST_03066,Customer 3066
CUST_03067,Customer 3067
CUST_03068,Customer 3068
CUST_03069,Customer 3069
CUST_03070,Customer 3070
CUST_03071,Customer 3071
CUST_03072,Customer 3072
CUST_03073,Customer 3073
CUST_03074,Customer 3074
CUST_03075,Customer 3075
CUST_03076,Customer 3076
CUST_03077,Customer 3077
CUST_03078,Customer 3078
CUST_03079,Customer 3079
CUST_03080,Customer 3080
CUST_03081,Customer 3081
CUST_03082,Customer 3082
CUST_03083,Customer 3083
CUST_03084,Customer 3084
CUST_03085,Customer 3085
CUST_03086,Customer 3086
CUST_03087,Customer 3087
CUST_03088,Customer 3088
CUST_03089,Customer 3089
CUST_03090,Customer 3090
CUST_03091,Customer 3091
CUST_03092,Customer 3092
CUST_03093,Customer 3093
CUST_03094,Customer 3094
CUST_03095,Customer 3095
CUST_03096,Customer 3096
CUST_03097,Customer 3097
CUST_03098,Customer 3098
CUST_03099,Customer 3099
CUST_03100,Customer 3100
CUST_03101,Customer 3101
CUST_03102,Customer 3102
CUST_03103,Customer 3103
CUST_03104,Customer 3104
CUST_03105,Customer 3105
CUST_03106,Customer 3106
CUST_03107,Customer 3107
CUST_03108,Customer 3108
CUST_03109,Customer 3109
CUST_03110,Customer 3110
CUST_03111,Customer 3111
CUST_03112,Customer 3112
CUST_03113,Customer 3113
CUST_03114,Customer 3114
CUST_03115,Customer 3115
CUST_03116,Customer 3116
CUST_03117,Customer 3117
CUST_03118,Customer 3118
CUST_03119,Customer 3119
CUST_03120,Customer 3120
CUST_03121,Customer 3121
CUST_03122,Customer 3122
CUST_03123,Customer 3123
CUST_03124,Customer 3124
CUST_03125,Customer 3125
CUST_03126,Customer 3126
CUST_03127,Customer 3127
CUST_03128,Customer 3128
CUST_03129,Customer 3129
CUST_03130,Customer 3130
CUST_03131,Customer 3131
CUST_03132,Customer 3132
CUST_03133,Customer 3133
CUST_03134,Customer 3134
CUST_03135,Customer 3135
CUST_03136,Customer 3136
CUST_03137,Customer 3137
CUST_03138,Customer 3138
CUST_03139,Customer 3139
CUST_03140,Customer 3140
CUST_03141,Customer 3141
CUST_03142,Customer 3142
CUST_03143,Customer 3143
CUST_03144,Customer 3144
CUST_03145,Customer 3145
CUST_03146,Customer 3146
CUST_03147,Customer 3147
CUST_03148,Customer 3148
CUST_03149,Customer 3149
CUST_03150,Customer 3150
CUST_03151,Customer 3151
CUST_03152,Customer 3152
CUST_03153,Customer 3153
CUST_03154,Customer 3154
CUST_03155,Customer 3155
CUST_03156,Customer 3156
CUST_03157,Customer 3157
CUST_03158,Customer 3158
CUST_03159,Customer 3159
CUST_03160,Customer 3160
CUST_03161,Customer 3161
CUST_03162,Customer 3162
CUST_03163,Customer 3163
CUST_03164,Customer 3164
CUST_03165,Customer 3165
CUST_03166,Customer 3166
CUST_03167,Customer 3167
CUST_03168,Customer 3168
CUST_03169,Customer 3169
CUST_03170,Customer 3170
CUST_03171,Customer 3171
CUST_03172,Customer 3172
CUST_03173,Customer 3173
CUST_03174,Customer 3174
CUST_03175,Customer 3175
CUST_03176,Customer 3176
CUST_03177,Customer 3177
CUST_03178,Customer 3178
CUST_03179,Customer 3179
CUST_03180,Customer 3180
CUST_03181,Customer 3181
CUST_03182,Customer 3182
CUST_03183,Customer 3183
CUST_03184,Customer 3184
CUST_03185,Customer 3185
CUST_03186,Customer 3186
CUST_03187,Customer 3187
CUST_03188,Customer 3188
CUST_03189,Customer 3189
CUST_03190,Customer 3190
CUST_03191,Customer 3191
CUST_03192,Customer 3192
CUST_03193,Customer 3193
CUST_03194,Customer 3194
CUST_03195,Customer 3195
CUST_03196,Customer 3196
CUST_03197,Customer 3197
CUST_03198,Customer 3198
CUST_03199,Customer 3199
CUST_03200,Customer 3200
CUST_03201,Customer 3201
CUST_03202,Customer 3202
CUST_03203,Customer 3203
CUST_03204,Customer 3204
CUST_03205,Customer 3205
CUST_03206,Customer 3206
CUST_03207,Customer 3207
CUST_03208,Customer 3208
CUST_03209,Customer 3209
CUST_03210,Customer 3210
CUST_03211,Customer 3211
CUST_03212,Customer 3212
CUST_03213,Customer 3213
CUST_03214,Customer 3214
CUST_03215,Customer 3215
CUST_03216,Customer 3216
CUST_03217,Customer 3217
CUST_03218,Customer 3218
CUST_03219,Customer 3219
CUST_03220,Customer 3220
CUST_03221,Customer 3221
CUST_03222,Customer 3222
CUST_03223,Customer 3223
CUST_03224,Customer 3224
CUST_03225,Customer 3225
CUST_03226,Customer 3226
CUST_03227,Customer 3227
CUST_03228,Customer 3228
CUST_03229,Customer 3229
CUST_03230,Customer 3230
CUST_03231,Customer 3231
CUST_03232,Customer 3232
CUST_03233,Customer 3233
CUST_03234,Customer 3234
CUST_03235,Customer 3235
CUST_03236,Customer 3236
CUST_03237,Customer 3237
CUST_03238,Customer 3238
CUST_03239,Customer 3239
CUST_03240,Customer 3240
CUST_03241,Customer 3241
CUST_03242,Customer 3242
CUST_03243,Customer 3243
CUST_03244,Customer 3244
CUST_03245,Customer 3245
CUST_03246,Customer 3246
CUST_03247,Customer 3247
CUST_03248,Customer 3248
CUST_03249,Customer 3249
CUST_03250,Customer 3250
CUST_03251,Customer 3251
CUST_03252,Customer 3252
CUST_03253,Customer 3253
CUST_03254,Customer 3254
CUST_03255,Customer 3255
CUST_03256,Customer 3256
CUST_03257,Customer 3257
CUST_03258,Customer 3258
CUST_03259,Customer 3259
CUST_03260,Customer 3260
CUST_03261,Customer 3261
CUST_03262,Customer 3262
CUST_03263,Customer 3263
CUST_03264,Customer 3264
CUST_03265,Customer 3265
CUST_03266,Customer 3266
CUST_03267,Customer 3267
CUST_03268,Customer 3268
CUST_03269,Customer 3269
CUST_03270,Customer 3270
CUST_03271,Customer 3271
CUST_03272,Customer 3272
CUST_03273,Customer 3273
CUST_03274,Customer 3274
CUST_03275,Customer 3275
CUST_03276,Customer 3276
CUST_03277,Customer 3277
CUST_03278,Customer 3278
CUST_03279,Customer 3279
CUST_03280,Customer 3280
CUST_03281,Customer 3281
CUST_03282,Customer 3282
CUST_03283,Customer 3283
CUST_03284,Customer 3284
CUST_03285,Customer 3285
CUST_03286,Customer 3286
CUST_03287,Customer 3287
CUST_03288,Customer 3288
CUST_03289,Customer 3289
CUST_03290,Customer 3290
CUST_03291,Customer 3291
CUST_03292,Customer 3292
CUST_03293,Customer 3293
CUST_03294,Customer 3294
CUST_03295,Customer 3295
CUST_03296,Customer 3296
CUST_03297,Customer 3297
CUST_03298,Customer 3298
CUST_03299,Customer 3299
CUST_03300,Customer 3300
CUST_03301,Customer 3301
CUST_03302,Customer 3302
CUST_03303,Customer 3303
CUST_03304,Customer 3304
CUST_03305,Customer 3305
CUST_03306,Customer 3306
CUST_03307,Customer 3307
CUST_03308,Customer 3308
CUST_03309,Customer 3309
CUST_03310,Customer 3310
CUST_03311,Customer 3311
CUST_03312,Customer 3312
CUST_03313,Customer 3313
CUST_03314,Customer 3314
CUST_03315,Customer 3315
CUST_03316,Customer 3316
CUST_03317,Customer 3317
CUST_03318,Customer 3318
CUST_03319,Customer 3319
CUST_03320,Customer 3320
CUST_03321,Customer 3321
CUST_03322,Customer 3322
CUST_03323,Customer 3323
CUST_03324,Customer 3324
CUST_03325,Customer 3325
CUST_03326,Customer 3326
CUST_03327,Customer 3327
CUST_03328,Customer 3328
CUST_03329,Customer 3329
CUST_03330,Customer 3330
CUST_03331,Customer 3331
CUST_03332,Customer 3332
CUST_03333,Customer 3333
CUST_03334,Customer 3334
CUST_03335,Customer 3335
CUST_03336,Customer 3336
CUST_03337,Customer 3337
CUST_03338,Customer 3338
CUST_03339,Customer 3339
CUST_03340,Customer 3340
CUST_03341,Customer 3341
CUST_03342,Customer 3342
CUST_03343,Customer 3343
CUST_03344,Customer 3344
CUST_03345,Customer 3345
CUST_03346,Customer 3346
CUST_03347,Customer 3347
CUST_03348,Customer 3348
CUST_03349,Customer 3349
CUST_03350,Customer 3350
CUST_03351,Customer 3351
CUST_03352,Customer 3352
CUST_03353,Customer 3353
CUST_03354,Customer 3354
CUST_03355,Customer 3355
CUST_03356,Customer 3356
CUST_03357,Customer 3357
CUST_03358,Customer 3358
CUST_03359,Customer 3359
CUST_03360,Customer 3360
CUST_03361,Customer 3361
CUST_03362,Customer 3362
CUST_03363,Customer 3363
CUST_03364,Customer 3364
CUST_03365,Customer 3365
CUST_03366,Customer 3366
CUST_03367,Customer 3367
CUST_03368,Customer 3368
CUST_03369,Customer 3369
CUST_03370,Customer 3370
CUST_03371,Customer 3371
CUST_03372,Customer 3372
CUST_03373,Customer 3373
CUST_03374,Customer 3374
CUST_03375,Customer 3375
CUST_03376,Customer 3376
CUST_03377,Customer 3377
CUST_03378,Customer 3378
CUST_03379,Customer 3379
CUST_03380,Customer 3380
CUST_03381,Customer 3381
CUST_03382,Customer 3382
CUST_03383,Customer 3383
CUST_03384,Customer 3384
CUST_03385,Customer 3385
CUST_03386,Customer 3386
CUST_03387,Customer 3387
CUST_03388,Customer 3388
CUST_03389,Customer 3389
CUST_03390,Customer 3390
CUST_03391,Customer 3391
CUST_03392,Customer 3392
CUST_03393,Customer 3393
CUST_03394,Customer 3394
CUST_03395,Customer 3395
CUST_03396,Customer 3396
CUST_03397,Customer 3397
CUST_03398,Customer 3398
CUST_03399,Customer 3399
CUST_03400,Customer 3400
CUST_03401,Customer 3401
CUST_03402,Customer 3402
CUST_03403,Customer 3403
CUST_03404,Customer 3404
CUST_03405,Customer 3405
CUST_03406,Customer 3406
CUST_03407,Customer 3407
CUST_03408,Customer 3408
CUST_03409,Customer 3409
CUST_03410,Customer 3410
CUST_03411,Customer 3411
CUST_03412,Customer 3412
CUST_03413,Customer 3413
CUST_03414,Customer 3414
CUST_03415,Customer 3415
CUST_03416,Customer 3416
CUST_03417,Customer 3417
CUST_03418,Customer 3418
CUST_03419,Customer 3419
CUST_03420,Customer 3420
CUST_03421,Customer 3421
CUST_03422,Customer 3422
CUST_03423,Customer 3423
CUST_03424,Customer 3424
CUST_03425,Customer 3425
CUST_03426,Customer 3426
CUST_03427,Customer 3427
CUST_03428,Customer 3428
CUST_03429,Customer 3429
CUST_03430,Customer 3430
CUST_03431,Customer 3431
CUST_03432,Customer 3432
CUST_03433,Customer 3433
CUST_03434,Customer 3434
CUST_03435,Customer 3435
CUST_03436,Customer 3436
CUST_03437,Customer 3437
CUST_03438,Customer 3438
CUST_03439,Customer 3439
CUST_03440,Customer 3440
CUST_03441,Customer 3441
CUST_03442,Customer 3442
CUST_03443,Customer 3443
CUST_03444,Customer 3444
CUST_03445,Customer 3445
CUST_03446,Customer 3446
CUST_03447,Customer 3447
CUST_03448,Customer 3448
CUST_03449,Customer 3449
CUST_03450,Customer 3450
CUST_03451,Customer 3451
CUST_03452,Customer 3452
CUST_03453,Customer 3453
CUST_03454,Customer 3454
CUST_03455,Customer 3455
CUST_03456,Customer 3456
CUST_03457,Customer 3457
CUST_03458,Customer 3458
CUST_03459,Customer 3459
CUST_03460,Customer 3460
CUST_03461,Customer 3461
CUST_03462,Customer 3462
CUST_03463,Customer 3463
CUST_03464,Customer 3464
CUST_03465,Customer 3465
CUST_03466,Customer 3466
CUST_03467,Customer 3467
CUST_03468,Customer 3468
CUST_03469,Customer 3469
CUST_03470,Customer 3470
CUST_03471,Customer 3471
CUST_03472,Customer 3472
CUST_03473,Customer 3473
CUST_03474,Customer 3474
CUST_03475,Customer 3475
CUST_03476,Customer 3476
CUST_03477,Customer 3477
CUST_03478,Customer 3478
CUST_03479,Customer 3479
CUST_03480,Customer 3480
CUST_03481,Customer 3481
CUST_03482,Customer 3482
CUST_03483,Customer 3483
CUST_03484,Customer 3484
CUST_03485,Customer 3485
CUST_03486,Customer 3486
CUST_03487,Customer 3487
CUST_03488,Customer 3488
CUST_03489,Customer 3489
CUST_03490,Customer 3490
CUST_03491,Customer 3491
CUST_03492,Customer 3492
CUST_03493,Customer 3493
CUST_03494,Customer 3494
CUST_03495,Customer 3495
CUST_03496,Customer 3496
CUST_03497,Customer 3497
CUST_03498,Customer 3498
CUST_03499,Customer 3499
CUST_03500,Customer 3500
CUST_03501,Customer 3501
CUST_03502,Customer 3502
CUST_03503,Customer 3503
CUST_03504,Customer 3504
CUST_03505,Customer 3505
CUST_03506,Customer 3506
CUST_03507,Customer 3507
CUST_03508,Customer 3508
CUST_03509,Customer 3509
CUST_03510,Customer 3510
CUST_03511,Customer 3511
CUST_03512,Customer 3512
CUST_03513,Customer 3513
CUST_03514,Customer 3514
CUST_03515,Customer 3515
CUST_03516,Customer 3516
CUST_03517,Customer 3517
CUST_03518,Customer 3518
CUST_03519,Customer 3519
CUST_03520,Customer 3520
CUST_03521,Customer 3521
CUST_03522,Customer 3522
CUST_03523,Customer 3523
CUST_03524,Customer 3524
CUST_03525,Customer 3525
CUST_03526,Customer 3526
CUST_03527,Customer 3527
CUST_03528,Customer 3528
CUST_03529,Customer 3529
CUST_03530,Customer 3530
CUST_03531,Customer 3531
CUST_03532,Customer 3532
CUST_03533,Customer 3533
CUST_03534,Customer 3534
CUST_03535,Customer 3535
CUST_03536,Customer 3536
CUST_03537,Customer 3537
CUST_03538,Customer 3538
CUST_03539,Customer 3539
CUST_03540,Customer 3540
CUST_03541,Customer 3541
CUST_03542,Customer 3542
CUST_03543,Customer 3543
CUST_03544,Customer 3544
CUST_03545,Customer 3545
CUST_03546,Customer 3546
CUST_03547,Customer 3547
CUST_03548,Customer 3548
CUST_03549,Customer 3549
CUST_03550,Customer 3550
CUST_03551,Customer 3551
CUST_03552,Customer 3552
CUST_03553,Customer 3553
CUST_03554,Customer 3554
CUST_03555,Customer 3555
CUST_03556,Customer 3556
CUST_03557,Customer 3557
CUST_03558,Customer 3558
CUST_03559,Customer 3559
CUST_03560,Customer 3560
CUST_03561,Customer 3561
CUST_03562,Customer 3562
CUST_03563,Customer 3563
CUST_03564,Customer 3564
CUST_03565,Customer 3565
CUST_03566,Customer 3566
CUST_03567,Customer 3567
CUST_03568,Customer 3568
CUST_03569,Customer 3569
CUST_03570,Customer 3570
CUST_03571,Customer 3571
CUST_03572,Customer 3572
CUST_03573,Customer 3573
CUST_03574,Customer 3574
CUST_03575,Customer 3575
CUST_03576,Customer 3576
CUST_03577,Customer 3577
CUST_03578,Customer 3578
CUST_03579,Customer 3579
CUST_03580,Customer 3580
CUST_03581,Customer 3581
CUST_03582,Customer 3582
CUST_03583,Customer 3583
CUST_03584,Customer 3584
CUST_03585,Customer 3585
CUST_03586,Customer 3586
CUST_03587,Customer 3587
CUST_03588,Customer 3588
CUST_03589,Customer 3589
CUST_03590,Customer 3590
CUST_03591,Customer 3591
CUST_03592,Customer 3592
CUST_03593,Customer 3593
CUST_03594,Customer 3594
CUST_03595,Customer 3595
CUST_03596,Customer 3596
CUST_03597,Customer 3597
CUST_03598,Customer 3598
CUST_03599,Customer 3599
CUST_03600,Customer 3600
CUST_03601,Customer 3601
CUST_03602,Customer 3602
CUST_03603,Customer 3603
CUST_03604,Customer 3604
CUST_03605,Customer 3605
CUST_03606,Customer 3606
CUST_03607,Customer 3607
CUST_03608,Customer 3608
CUST_03609,Customer 3609
CUST_03610,Customer 3610
CUST_03611,Customer 3611
CUST_03612,Customer 3612
CUST_03613,Customer 3613
CUST_03614,Customer 3614
CUST_03615,Customer 3615
CUST_03616,Customer 3616
CUST_03617,Customer 3617
CUST_03618,Customer 3618
CUST_03619,Customer 3619
CUST_03620,Customer 3620
CUST_03621,Customer 3621
CUST_03622,Customer 3622
CUST_03623,Customer 3623
CUST_03624,Customer 3624
CUST_03625,Customer 3625
CUST_03626,Customer 3626
CUST_03627,Customer 3627
CUST_03628,Customer 3628
CUST_03629,Customer 3629
CUST_03630,Customer 3630
CUST_03631,Customer 3631
CUST_03632,Customer 3632
CUST_03633,Customer 3633
CUST_03634,Customer 3634
CUST_03635,Customer 3635
CUST_03636,Customer 3636
CUST_03637,Customer 3637
CUST_03638,Customer 3638
CUST_03639,Customer 3639
CUST_03640,Customer 3640
CUST_03641,Customer 3641
CUST_03642,Customer 3642
CUST_03643,Customer 3643
CUST_03644,Customer 3644
CUST_03645,Customer 3645
CUST_03646,Customer 3646
CUST_03647,Customer 3647
CUST_03648,Customer 3648
CUST_03649,Customer 3649
CUST_03650,Customer 3650
CUST_03651,Customer 3651
CUST_03652,Customer 3652
CUST_03653,Customer 3653
CUST_03654,Customer 3654
CUST_03655,Customer 3655
CUST_03656,Customer 3656
CUST_03657,Customer 3657
CUST_03658,Customer 3658
CUST_03659,Customer 3659
CUST_03660,Customer 3660
CUST_03661,Customer 3661
CUST_03662,Customer 3662
CUST_03663,Customer 3663
CUST_03664,Customer 3664
CUST_03665,Customer 3665
CUST_03666,Customer 3666
CUST_03667,Customer 3667
CUST_03668,Customer 3668
CUST_03669,Customer 3669
CUST_03670,Customer 3670
CUST_03671,Customer 3671
CUST_03672,Customer 3672
CUST_03673,Customer 3673
CUST_03674,Customer 3674
CUST_03675,Customer 3675
CUST_03676,Customer 3676
CUST_03677,Customer 3677
CUST_03678,Customer 3678
CUST_03679,Customer 3679
CUST_03680,Customer 3680
CUST_03681,Customer 3681
CUST_03682,Customer 3682
CUST_03683,Customer 3683
CUST_03684,Customer 3684
CUST_03685,Customer 3685
CUST_03686,Customer 3686
CUST_03687,Customer 3687
CUST_03688,Customer 3688
CUST_03689,Customer 3689
CUST_03690,Customer 3690
CUST_03691,Customer 3691
CUST_03692,Customer 3692
CUST_03693,Customer 3693
CUST_03694,Customer 3694
CUST_03695,Customer 3695
CUST_03696,Customer 3696
CUST_03697,Customer 3697
CUST_03698,Customer 3698
CUST_03699,Customer 3699
CUST_03700,Customer 3700
CUST_03701,Customer 3701
CUST_03702,Customer 3702
CUST_03703,Customer 3703
CUST_03704,Customer 3704
CUST_03705,Customer 3705
CUST_03706,Customer 3706
CUST_03707,Customer 3707
CUST_03708,Customer 3708
CUST_03709,Customer 3709
CUST_03710,Customer 3710
CUST_03711,Customer 3711
CUST_03712,Customer 3712
CUST_03713,Customer 3713
CUST_03714,Customer 3714
CUST_03715,Customer 3715
CUST_03716,Customer 3716
CUST_03717,Customer 3717
CUST_03718,Customer 3718
CUST_03719,Customer 3719
CUST_03720,Customer 3720
CUST_03721,Customer 3721
CUST_03722,Customer 3722
CUST_03723,Customer 3723
CUST_03724,Customer 3724
CUST_03725,Customer 3725
CUST_03726,Customer 3726
CUST_03727,Customer 3727
CUST_03728,Customer 3728
CUST_03729,Customer 3729
CUST_03730,Customer 3730
CUST_03731,Customer 3731
CUST_03732,Customer 3732
CUST_03733,Customer 3733
CUST_03734,Customer 3734
CUST_03735,Customer 3735
CUST_03736,Customer 3736
CUST_03737,Customer 3737
CUST_03738,Customer 3738
CUST_03739,Customer 3739
CUST_03740,Customer 3740
CUST_03741,Customer 3741
CUST_03742,Customer 3742
CUST_03743,Customer 3743
CUST_03744,Customer 3744
CUST_03745,Customer 3745
CUST_03746,Customer 3746
CUST_03747,Customer 3747
CUST_03748,Customer 3748
CUST_03749,Customer 3749
CUST_03750,Customer 3750
CUST_03751,Customer 3751
CUST_03752,Customer 3752
CUST_03753,Customer 3753
CUST_03754,Customer 3754
CUST_03755,Customer 3755
CUST_03756,Customer 3756
CUST_03757,Customer 3757
CUST_03758,Customer 3758
CUST_03759,Customer 3759
CUST_03760,Customer 3760
CUST_03761,Customer 3761
CUST_03762,Customer 3762
CUST_03763,Customer 3763
CUST_03764,Customer 3764
CUST_03765,Customer 3765
CUST_03766,Customer 3766
CUST_03767,Customer 3767
CUST_03768,Customer 3768
CUST_03769,Customer 3769
CUST_03770,Customer 3770
CUST_03771,Customer 3771
CUST_03772,Customer 3772
CUST_03773,Customer 3773
CUST_03774,Customer 3774
CUST_03775,Customer 3775
CUST_03776,Customer 3776
CUST_03777,Customer 3777
CUST_03778,Customer 3778
CUST_03779,Customer 3779
CUST_03780,Customer 3780
CUST_03781,Customer 3781
CUST_03782,Customer 3782
CUST_03783,Customer 3783
CUST_03784,Customer 3784
CUST_03785,Customer 3785
CUST_03786,Customer 3786
CUST_03787,Customer 3787
CUST_03788,Customer 3788
CUST_03789,Customer 3789
CUST_03790,Customer 3790
CUST_03791,Customer 3791
CUST_03792,Customer 3792
CUST_03793,Customer 3793
CUST_03794,Customer 3794
CUST_03795,Customer 3795
CUST_03796,Customer 3796
CUST_03797,Customer 3797
CUST_03798,Customer 3798
CUST_03799,Customer 3799
CUST_03800,Customer 3800
CUST_03801,Customer 3801
CUST_03802,Customer 3802
CUST_03803,Customer 3803
CUST_03804,Customer 3804
CUST_03805,Customer 3805
CUST_03806,Customer 3806
CUST_03807,Customer 3807
CUST_03808,Customer 3808
CUST_03809,Customer 3809
CUST_03810,Customer 3810
CUST_03811,Customer 3811
CUST_03812,Customer 3812
CUST_03813,Customer 3813
CUST_03814,Customer 3814
CUST_03815,Customer 3815
CUST_03816,Customer 3816
CUST_03817,Customer 3817
CUST_03818,Customer 3818
CUST_03819,Customer 3819
CUST_03820,Customer 3820
CUST_03821,Customer 3821
CUST_03822,Customer 3822
CUST_03823,Customer 3823
CUST_03824,Customer 3824
CUST_03825,Customer 3825
CUST_03826,Customer 3826
CUST_03827,Customer 3827
CUST_03828,Customer 3828
CUST_03829,Customer 3829
CUST_03830,Customer 3830
CUST_03831,Customer 3831
CUST_03832,Customer 3832
CUST_03833,Customer 3833
CUST_03834,Customer 3834
CUST_03835,Customer 3835
CUST_03836,Customer 3836
CUST_03837,Customer 3837
CUST_03838,Customer 3838
CUST_03839,Customer 3839
CUST_03840,Customer 3840
CUST_03841,Customer 3841
CUST_03842,Customer 3842
CUST_03843,Customer 3843
CUST_03844,Customer 3844
CUST_03845,Customer 3845
CUST_03846,Customer 3846
CUST_03847,Customer 3847
CUST_03848,Customer 3848
CUST_03849,Customer 3849
CUST_03850,Customer 3850
CUST_03851,Customer 3851
CUST_03852,Customer 3852
CUST_03853,Customer 3853
CUST_03854,Customer 3854
CUST_03855,Customer 3855
CUST_03856,Customer 3856
CUST_03857,Customer 3857
CUST_03858,Customer 3858
CUST_03859,Customer 3859
CUST_03860,Customer 3860
CUST_03861,Customer 3861
CUST_03862,Customer 3862
CUST_03863,Customer 3863
CUST_03864,Customer 3864
CUST_03865,Customer 3865
CUST_03866,Customer 3866
CUST_03867,Customer 3867
CUST_03868,Customer 3868
CUST_03869,Customer 3869
CUST_03870,Customer 3870
CUST_03871,Customer 3871
CUST_03872,Customer 3872
CUST_03873,Customer 3873
CUST_03874,Customer 3874
CUST_03875,Customer 3875
CUST_03876,Customer 3876
CUST_03877,Customer 3877
CUST_03878,Customer 3878
CUST_03879,Customer 3879
CUST_03880,Customer 3880
CUST_03881,Customer 3881
CUST_03882,Customer 3882
CUST_03883,Customer 3883
CUST_03884,Customer 3884
CUST_03885,Customer 3885
CUST_03886,Customer 3886
CUST_03887,Customer 3887
CUST_03888,Customer 3888
CUST_03889,Customer 3889
CUST_03890,Customer 3890
CUST_03891,Customer 3891
CUST_03892,Customer 3892
CUST_03893,Customer 3893
CUST_03894,Customer 3894
CUST_03895,Customer 3895
CUST_03896,Customer 3896
CUST_03897,Customer 3897
CUST_03898,Customer 3898
CUST_03899,Customer 3899
CUST_03900,Customer 3900
CUST_03901,Customer 3901
CUST_03902,Customer 3902
CUST_03903,Customer 3903
CUST_03904,Customer 3904
CUST_03905,Customer 3905
CUST_03906,Customer 3906
CUST_03907,Customer 3907
CUST_03908,Customer 3908
CUST_03909,Customer 3909
CUST_03910,Customer 3910
CUST_03911,Customer 3911
CUST_03912,Customer 3912
CUST_03913,Customer 3913
CUST_03914,Customer 3914
CUST_03915,Customer 3915
CUST_03916,Customer 3916
CUST_03917,Customer 3917
CUST_03918,Customer 3918
CUST_03919,Customer 3919
CUST_03920,Customer 3920
CUST_03921,Customer 3921
CUST_03922,Customer 3922
CUST_03923,Customer 3923
CUST_03924,Customer 3924
CUST_03925,Customer 3925
CUST_03926,Customer 3926
CUST_03927,Customer 3927
CUST_03928,Customer 3928
CUST_03929,Customer 3929
CUST_03930,Customer 3930
CUST_03931,Customer 3931
CUST_03932,Customer 3932
CUST_03933,Customer 3933
CUST_03934,Customer 3934
CUST_03935,Customer 3935
CUST_03936,Customer 3936
CUST_03937,Customer 3937
CUST_03938,Customer 3938
CUST_03939,Customer 3939
CUST_03940,Customer 3940
CUST_03941,Customer 3941
CUST_03942,Customer 3942
CUST_03943,Customer 3943
CUST_03944,Customer 3944
CUST_03945,Customer 3945
CUST_03946,Customer 3946
CUST_03947,Customer 3947
CUST_03948,Customer 3948
CUST_03949,Customer 3949
CUST_03950,Customer 3950
CUST_03951,Customer 3951
CUST_03952,Customer 3952
CUST_03953,Customer 3953
CUST_03954,Customer 3954
CUST_03955,Customer 3955
CUST_03956,Customer 3956
CUST_03957,Customer 3957
CUST_03958,Customer 3958
CUST_03959,Customer 3959
CUST_03960,Customer 3960
CUST_03961,Customer 3961
CUST_03962,Customer 3962
CUST_03963,Customer 3963
CUST_03964,Customer 3964
CUST_03965,Customer 3965
CUST_03966,Customer 3966
CUST_03967,Customer 3967
CUST_03968,Customer 3968
CUST_03969,Customer 3969
CUST_03970,Customer 3970
CUST_03971,Customer 3971
CUST_03972,Customer 3972
CUST_03973,Customer 3973
CUST_03974,Customer 3974
CUST_03975,Customer 3975
CUST_03976,Customer 3976
CUST_03977,Customer 3977
CUST_03978,Customer 3978
CUST_03979,Customer 3979
CUST_03980,Customer 3980
CUST_03981,Customer 3981
CUST_03982,Customer 3982
CUST_03983,Customer 3983
CUST_03984,Customer 3984
CUST_03985,Customer 3985
CUST_03986,Customer 3986
CUST_03987,Customer 3987
CUST_03988,Customer 3988
CUST_03989,Customer 3989
CUST_03990,Customer 3990
CUST_03991,Customer 3991
CUST_03992,Customer 3992
CUST_03993,Customer 3993
CUST_03994,Customer 3994
CUST_03995,Customer 3995
CUST_03996,Customer 3996
CUST_03997,Customer 3997
CUST_03998,Customer 3998
CUST_03999,Customer 3999
CUST_04000,Customer 4000
