id,code,ingredient,qty_kg,received_at,expiry,status,supplier_id
B_PNR2047,PNR-2047,Paneer,420.0,2026-09-18T06:00:00,2026-09-25T00:00:00,CRITICAL,S001
B_VEG9182,VEG-9182,Spinach,180.0,2026-09-17T08:00:00,2026-09-22T00:00:00,MONITORING,S002
B_MILK774,MILK-774,Full Cream Milk,600.0,2026-09-15T07:00:00,2026-09-20T00:00:00,RESOLVED,S001
B_BATCH0000,BATCH-0000,Lentils,144.3,2026-09-10T00:00:00,2026-09-30T00:00:00,NORMAL,S006
B_BATCH0001,BATCH-0001,Ghee,82.1,2026-09-10T00:00:00,2026-09-30T00:00:00,NORMAL,S011
B_BATCH0002,BATCH-0002,Cardamom,160.2,2026-09-10T00:00:00,2026-09-30T00:00:00,NORMAL,S009
B_BATCH0003,BATCH-0003,Ghee,359.7,2026-09-10T00:00:00,2026-09-30T00:00:00,NORMAL,S005
B_BATCH0004,BATCH-0004,Chicken,153.1,2026-09-10T00:00:00,2026-09-30T00:00:00,MONITORING,S006
B_BATCH0005,BATCH-0005,Oil,170.5,2026-09-10T00:00:00,2026-09-30T00:00:00,NORMAL,S006
B_BATCH0006,BATCH-0006,Cardamom,191.6,2026-09-10T00:00:00,2026-09-30T00:00:00,NORMAL,S010
B_BATCH0007,BATCH-0007,Ghee,256.5,2026-09-10T00:00:00,2026-09-30T00:00:00,NORMAL,S007
B_BATCH0008,BATCH-0008,Cardamom,302.6,2026-09-10T00:00:00,2026-09-30T00:00:00,NORMAL,S004
B_BATCH0009,BATCH-0009,Oil,454.0,2026-09-10T00:00:00,2026-09-30T00:00:00,NORMAL,S010
B_BATCH0010,BATCH-0010,Onions,279.3,2026-09-10T00:00:00,2026-09-30T00:00:00,NORMAL,S004
B_BATCH0011,BATCH-0011,Tomatoes,118.8,2026-09-10T00:00:00,2026-09-30T00:00:00,NORMAL,S001
B_BATCH0012,BATCH-0012,Oil,318.4,2026-09-10T00:00:00,2026-09-30T00:00:00,NORMAL,S011
B_BATCH0013,BATCH-0013,Garam Masala,288.1,2026-09-10T00:00:00,2026-09-30T00:00:00,NORMAL,S010
B_BATCH0014,BATCH-0014,Ghee,374.3,2026-09-10T00:00:00,2026-09-30T00:00:00,NORMAL,S001
B_BATCH0015,BATCH-0015,Wheat Flour,395.9,2026-09-10T00:00:00,2026-09-30T00:00:00,NORMAL,S009
B_BATCH0016,BATCH-0016,Oil,121.2,2026-09-10T00:00:00,2026-09-30T00:00:00,MONITORING,S005
B_BATCH0017,BATCH-0017,Cardamom,168.5,2026-09-10T00:00:00,2026-09-30T00:00:00,NORMAL,S012
B_BATCH0018,BATCH-0018,Turmeric,460.7,2026-09-10T00:00:00,2026-09-30T00:00:00,NORMAL,S003
B_BATCH0019,BATCH-0019,Ghee,278.4,2026-09-10T00:00:00,2026-09-30T00:00:00,NORMAL,S005
B_BATCH0020,BATCH-0020,Onions,292.7,2026-09-10T00:00:00,2026-09-30T00:00:00,NORMAL,S006
B_BATCH0021,BATCH-0021,Chicken,319.5,2026-09-10T00:00:00,2026-09-30T00:00:00,NORMAL,S009
B_BATCH0022,BATCH-0022,Lentils,445.4,2026-09-10T00:00:00,2026-09-30T00:00:00,NORMAL,S002
B_BATCH0023,BATCH-0023,Rice,76.1,2026-09-10T00:00:00,2026-09-30T00:00:00,NORMAL,S005
B_BATCH0024,BATCH-0024,Tomatoes,379.4,2026-09-10T00:00:00,2026-09-30T00:00:00,NORMAL,S002
B_BATCH0025,BATCH-0025,Onions,107.8,2026-09-10T00:00:00,2026-09-30T00:00:00,NORMAL,S009
B_BATCH0026,BATCH-0026,Onions,169.3,2026-09-10T00:00:00,2026-09-30T00:00:00,NORMAL,S009
B_BATCH0027,BATCH-0027,Rice,468.0,2026-09-10T00:00:00,2026-09-30T00:00:00,NORMAL,S007
B_BATCH0028,BATCH-0028,Rice,370.8,2026-09-10T00:00:00,2026-09-30T00:00:00,NORMAL,S012
B_BATCH0029,BATCH-0029,Ghee,218.0,2026-09-10T00:00:00,2026-09-30T00:00:00,NORMAL,S011
B_BATCH0030,BATCH-0030,Tomatoes,161.6,2026-09-10T00:00:00,2026-09-30T00:00:00,MONITORING,S008
B_BATCH0031,BATCH-0031,Coriander,299.3,2026-09-10T00:00:00,2026-09-30T00:00:00,NORMAL,S001
B_BATCH0032,BATCH-0032,Tomatoes,368.5,2026-09-10T00:00:00,2026-09-30T00:00:00,MONITORING,S001
B_BATCH0033,BATCH-0033,Chicken,436.8,2026-09-10T00:00:00,2026-09-30T00:00:00,MONITORING,S002
B_BATCH0034,BATCH-0034,Wheat Flour,351.0,2026-09-10T00:00:00,2026-09-30T00:00:00,NORMAL,S004
B_BATCH0035,BATCH-0035,Cardamom,471.0,2026-09-10T00:00:00,2026-09-30T00:00:00,NORMAL,S003
B_BATCH0036,BATCH-0036,Rice,403.1,2026-09-10T00:00:00,2026-09-30T00:00:00,NORMAL,S008
B_BATCH0037,BATCH-0037,Tomatoes,93.6,2026-09-10T00:00:00,2026-09-30T00:00:00,NORMAL,S004
B_BATCH0038,BATCH-0038,Oil,260.2,2026-09-10T00:00:00,2026-09-30T00:00:00,NORMAL,S007
B_BATCH0039,BATCH-0039,Ghee,492.9,2026-09-10T00:00:00,2026-09-30T00:00:00,NORMAL,S011
B_BATCH0040,BATCH-0040,Cardamom,202.7,2026-09-10T00:00:00,2026-09-30T00:00:00,NORMAL,S007
B_BATCH0041,BATCH-0041,Rice,135.6,2026-09-10T00:00:00,2026-09-30T00:00:00,NORMAL,S004
B_BATCH0042,BATCH-0042,Onions,175.3,2026-09-10T00:00:00,2026-09-30T00:00:00,NORMAL,S007
B_BATCH0043,BATCH-0043,Garam Masala,413.6,2026-09-10T00:00:00,2026-09-30T00:00:00,NORMAL,S002
B_BATCH0044,BATCH-0044,Chicken,343.5,2026-09-10T00:00:00,2026-09-30T00:00:00,NORMAL,S002
B_BATCH0045,BATCH-0045,Tomatoes,466.9,2026-09-10T00:00:00,2026-09-30T00:00:00,NORMAL,S001
B_BATCH0046,BATCH-0046,Oil,268.5,2026-09-10T00:00:00,2026-09-30T00:00:00,NORMAL,S003
B_BATCH0047,BATCH-0047,Chicken,124.1,2026-09-10T00:00:00,2026-09-30T00:00:00,MONITORING,S007
B_BATCH0048,BATCH-0048,Wheat Flour,466.9,2026-09-10T00:00:00,2026-09-30T00:00:00,NORMAL,S007
B_BATCH0049,BATCH-0049,Oil,363.5,2026-09-10T00:00:00,2026-09-30T00:00:00,NORMAL,S005
B_BATCH0050,BATCH-0050,Ghee,373.3,2026-09-10T00:00:00,2026-09-30T00:00:00,NORMAL,S009
B_BATCH0051,BATCH-0051,Rice,485.9,2026-09-10T00:00:00,2026-09-30T00:00:00,NORMAL,S005
B_BATCH0052,BATCH-0052,Chicken,386.6,2026-09-10T00:00:00,2026-09-30T00:00:00,MONITORING,S009
B_BATCH0053,BATCH-0053,Garam Masala,276.3,2026-09-10T00:00:00,2026-09-30T00:00:00,NORMAL,S010
B_BATCH0054,BATCH-0054,Chicken,482.4,2026-09-10T00:00:00,2026-09-30T00:00:00,NORMAL,S003
B_BATCH0055,BATCH-0055,Tomatoes,317.8,2026-09-10T00:00:00,2026-09-30T00:00:00,NORMAL,S003
B_BATCH0056,BATCH-0056,Oil,103.9,2026-09-10T00:00:00,2026-09-30T00:00:00,NORMAL,S004
B_BATCH0057,BATCH-0057,Coriander,317.5,2026-09-10T00:00:00,2026-09-30T00:00:00,NORMAL,S004
B_BATCH0058,BATCH-0058,Ghee,312.7,2026-09-10T00:00:00,2026-09-30T00:00:00,NORMAL,S007
B_BATCH0059,BATCH-0059,Rice,351.4,2026-09-10T00:00:00,2026-09-30T00:00:00,NORMAL,S005
B_BATCH0060,BATCH-0060,Oil,108.9,2026-09-10T00:00:00,2026-09-30T00:00:00,NORMAL,S005
B_BATCH0061,BATCH-0061,Lentils,468.1,2026-09-10T00:00:00,2026-09-30T00:00:00,NORMAL,S008
B_BATCH0062,BATCH-0062,Garam Masala,329.5,2026-09-10T00:00:00,2026-09-30T00:00:00,NORMAL,S001
B_BATCH0063,BATCH-0063,Tomatoes,291.9,2026-09-10T00:00:00,2026-09-30T00:00:00,NORMAL,S002
B_BATCH0064,BATCH-0064,Lentils,446.4,2026-09-10T00:00:00,2026-09-30T00:00:00,NORMAL,S003
B_BATCH0065,BATCH-0065,Wheat Flour,121.0,2026-09-10T00:00:00,2026-09-30T00:00:00,NORMAL,S006
B_BATCH0066,BATCH-0066,Wheat Flour,325.3,2026-09-10T00:00:00,2026-09-30T00:00:00,NORMAL,S012
B_BATCH0067,BATCH-0067,Turmeric,53.5,2026-09-10T00:00:00,2026-09-30T00:00:00,NORMAL,S011
B_BATCH0068,BATCH-0068,Ghee,96.6,2026-09-10T00:00:00,2026-09-30T00:00:00,NORMAL,S005
B_BATCH0069,BATCH-0069,Tomatoes,450.4,2026-09-10T00:00:00,2026-09-30T00:00:00,NORMAL,S005
B_BATCH0070,BATCH-0070,Wheat Flour,176.8,2026-09-10T00:00:00,2026-09-30T00:00:00,NORMAL,S003
B_BATCH0071,BATCH-0071,Rice,359.4,2026-09-10T00:00:00,2026-09-30T00:00:00,NORMAL,S006
B_BATCH0072,BATCH-0072,Garam Masala,163.0,2026-09-10T00:00:00,2026-09-30T00:00:00,NORMAL,S009
B_BATCH0073,BATCH-0073,Tomatoes,335.4,2026-09-10T00:00:00,2026-09-30T00:00:00,NORMAL,S001
B_BATCH0074,BATCH-0074,Chicken,200.1,2026-09-10T00:00:00,2026-09-30T00:00:00,NORMAL,S001
B_BATCH0075,BATCH-0075,Onions,383.6,2026-09-10T00:00:00,2026-09-30T00:00:00,NORMAL,S005
B_BATCH0076,BATCH-0076,Turmeric,54.4,2026-09-10T00:00:00,2026-09-30T00:00:00,MONITORING,S007
B_BATCH0077,BATCH-0077,Onions,295.5,2026-09-10T00:00:00,2026-09-30T00:00:00,NORMAL,S012
B_BATCH0078,BATCH-0078,Turmeric,116.6,2026-09-10T00:00:00,2026-09-30T00:00:00,NORMAL,S010
B_BATCH0079,BATCH-0079,Lentils,454.5,2026-09-10T00:00:00,2026-09-30T00:00:00,NORMAL,S005
B_BATCH0080,BATCH-0080,Lentils,144.5,2026-09-10T00:00:00,2026-09-30T00:00:00,NORMAL,S001
B_BATCH0081,BATCH-0081,Lentils,401.1,2026-09-10T00:00:00,2026-09-30T00:00:00,NORMAL,S002
B_BATCH0082,BATCH-0082,Coriander,387.3,2026-09-10T00:00:00,2026-09-30T00:00:00,NORMAL,S007
B_BATCH0083,BATCH-0083,Onions,489.3,2026-09-10T00:00:00,2026-09-30T00:00:00,NORMAL,S004
B_BATCH0084,BATCH-0084,Chicken,130.7,2026-09-10T00:00:00,2026-09-30T00:00:00,NORMAL,S007
B_BATCH0085,BATCH-0085,Ghee,438.8,2026-09-10T00:00:00,2026-09-30T00:00:00,NORMAL,S007
B_BATCH0086,BATCH-0086,Onions,404.3,2026-09-10T00:00:00,2026-09-30T00:00:00,NORMAL,S005
B_BATCH0087,BATCH-0087,Garam Masala,150.1,2026-09-10T00:00:00,2026-09-30T00:00:00,NORMAL,S001
B_BATCH0088,BATCH-0088,Lentils,187.3,2026-09-10T00:00:00,2026-09-30T00:00:00,NORMAL,S008
B_BATCH0089,BATCH-0089,Rice,60.6,2026-09-10T00:00:00,2026-09-30T00:00:00,NORMAL,S004
B_BATCH0090,BATCH-0090,Wheat Flour,439.0,2026-09-10T00:00:00,2026-09-30T00:00:00,NORMAL,S006
B_BATCH0091,BATCH-0091,Lentils,338.7,2026-09-10T00:00:00,2026-09-30T00:00:00,NORMAL,S005
B_BATCH0092,BATCH-0092,Lentils,472.7,2026-09-10T00:00:00,2026-09-30T00:00:00,NORMAL,S009
B_BATCH0093,BATCH-0093,Onions,311.3,2026-09-10T00:00:00,2026-09-30T00:00:00,NORMAL,S005
B_BATCH0094,BATCH-0094,Tomatoes,318.5,2026-09-10T00:00:00,2026-09-30T00:00:00,NORMAL,S001
B_BATCH0095,BATCH-0095,Oil,322.8,2026-09-10T00:00:00,2026-09-30T00:00:00,NORMAL,S006
B_BATCH0096,BATCH-0096,Coriander,135.5,2026-09-10T00:00:00,2026-09-30T00:00:00,MONITORING,S007
B_BATCH0097,BATCH-0097,Chicken,284.0,2026-09-10T00:00:00,2026-09-30T00:00:00,NORMAL,S007
B_BATCH0098,BATCH-0098,Cardamom,473.1,2026-09-10T00:00:00,2026-09-30T00:00:00,NORMAL,S011
B_BATCH0099,BATCH-0099,Lentils,244.1,2026-09-10T00:00:00,2026-09-30T00:00:00,NORMAL,S004
B_BATCH0100,BATCH-0100,Coriander,191.3,2026-09-10T00:00:00,2026-09-30T00:00:00,NORMAL,S006
B_BATCH0101,BATCH-0101,Wheat Flour,278.2,2026-09-10T00:00:00,2026-09-30T00:00:00,NORMAL,S012
B_BATCH0102,BATCH-0102,Oil,363.7,2026-09-10T00:00:00,2026-09-30T00:00:00,NORMAL,S006
B_BATCH0103,BATCH-0103,Oil,349.2,2026-09-10T00:00:00,2026-09-30T00:00:00,NORMAL,S004
B_BATCH0104,BATCH-0104,Onions,327.0,2026-09-10T00:00:00,2026-09-30T00:00:00,NORMAL,S012
B_BATCH0105,BATCH-0105,Chicken,186.7,2026-09-10T00:00:00,2026-09-30T00:00:00,NORMAL,S009
B_BATCH0106,BATCH-0106,Coriander,344.6,2026-09-10T00:00:00,2026-09-30T00:00:00,NORMAL,S010
B_BATCH0107,BATCH-0107,Ghee,146.2,2026-09-10T00:00:00,2026-09-30T00:00:00,NORMAL,S008
B_BATCH0108,BATCH-0108,Onions,346.5,2026-09-10T00:00:00,2026-09-30T00:00:00,NORMAL,S012
B_BATCH0109,BATCH-0109,Ghee,328.7,2026-09-10T00:00:00,2026-09-30T00:00:00,NORMAL,S011
B_BATCH0110,BATCH-0110,Ghee,189.7,2026-09-10T00:00:00,2026-09-30T00:00:00,NORMAL,S004
B_BATCH0111,BATCH-0111,Chicken,70.8,2026-09-10T00:00:00,2026-09-30T00:00:00,NORMAL,S003
B_BATCH0112,BATCH-0112,Tomatoes,254.9,2026-09-10T00:00:00,2026-09-30T00:00:00,NORMAL,S010
B_BATCH0113,BATCH-0113,Rice,373.3,2026-09-10T00:00:00,2026-09-30T00:00:00,NORMAL,S010
B_BATCH0114,BATCH-0114,Rice,116.4,2026-09-10T00:00:00,2026-09-30T00:00:00,NORMAL,S007
B_BATCH0115,BATCH-0115,Oil,148.5,2026-09-10T00:00:00,2026-09-30T00:00:00,NORMAL,S002
B_BATCH0116,BATCH-0116,Turmeric,259.0,2026-09-10T00:00:00,2026-09-30T00:00:00,NORMAL,S012
B_BATCH0117,BATCH-0117,Garam Masala,110.0,2026-09-10T00:00:00,2026-09-30T00:00:00,NORMAL,S002
B_BATCH0118,BATCH-0118,Turmeric,318.0,2026-09-10T00:00:00,2026-09-30T00:00:00,NORMAL,S009
B_BATCH0119,BATCH-0119,Coriander,416.8,2026-09-10T00:00:00,2026-09-30T00:00:00,NORMAL,S008
B_BATCH0120,BATCH-0120,Turmeric,250.7,2026-09-10T00:00:00,2026-09-30T00:00:00,NORMAL,S007
B_BATCH0121,BATCH-0121,Garam Masala,166.6,2026-09-10T00:00:00,2026-09-30T00:00:00,NORMAL,S008
B_BATCH0122,BATCH-0122,Wheat Flour,394.6,2026-09-10T00:00:00,2026-09-30T00:00:00,NORMAL,S011
B_BATCH0123,BATCH-0123,Rice,173.6,2026-09-10T00:00:00,2026-09-30T00:00:00,MONITORING,S011
B_BATCH0124,BATCH-0124,Rice,172.3,2026-09-10T00:00:00,2026-09-30T00:00:00,NORMAL,S005
B_BATCH0125,BATCH-0125,Tomatoes,112.3,2026-09-10T00:00:00,2026-09-30T00:00:00,NORMAL,S009
B_BATCH0126,BATCH-0126,Onions,367.9,2026-09-10T00:00:00,2026-09-30T00:00:00,MONITORING,S012
B_BATCH0127,BATCH-0127,Lentils,294.2,2026-09-10T00:00:00,2026-09-30T00:00:00,NORMAL,S007
B_BATCH0128,BATCH-0128,Oil,225.3,2026-09-10T00:00:00,2026-09-30T00:00:00,NORMAL,S004
B_BATCH0129,BATCH-0129,Chicken,435.5,2026-09-10T00:00:00,2026-09-30T00:00:00,NORMAL,S012
B_BATCH0130,BATCH-0130,Garam Masala,52.7,2026-09-10T00:00:00,2026-09-30T00:00:00,NORMAL,S007
B_BATCH0131,BATCH-0131,Oil,292.2,2026-09-10T00:00:00,2026-09-30T00:00:00,NORMAL,S007
B_BATCH0132,BATCH-0132,Rice,269.7,2026-09-10T00:00:00,2026-09-30T00:00:00,NORMAL,S010
B_BATCH0133,BATCH-0133,Chicken,225.0,2026-09-10T00:00:00,2026-09-30T00:00:00,NORMAL,S008
B_BATCH0134,BATCH-0134,Cardamom,124.3,2026-09-10T00:00:00,2026-09-30T00:00:00,NORMAL,S007
B_BATCH0135,BATCH-0135,Coriander,290.4,2026-09-10T00:00:00,2026-09-30T00:00:00,NORMAL,S003
B_BATCH0136,BATCH-0136,Coriander,348.3,2026-09-10T00:00:00,2026-09-30T00:00:00,NORMAL,S010
B_BATCH0137,BATCH-0137,Onions,440.1,2026-09-10T00:00:00,2026-09-30T00:00:00,NORMAL,S007
B_BATCH0138,BATCH-0138,Oil,197.3,2026-09-10T00:00:00,2026-09-30T00:00:00,NORMAL,S005
B_BATCH0139,BATCH-0139,Oil,175.2,2026-09-10T00:00:00,2026-09-30T00:00:00,NORMAL,S006
B_BATCH0140,BATCH-0140,Wheat Flour,425.7,2026-09-10T00:00:00,2026-09-30T00:00:00,NORMAL,S007
B_BATCH0141,BATCH-0141,Turmeric,73.4,2026-09-10T00:00:00,2026-09-30T00:00:00,NORMAL,S012
B_BATCH0142,BATCH-0142,Ghee,80.9,2026-09-10T00:00:00,2026-09-30T00:00:00,NORMAL,S004
B_BATCH0143,BATCH-0143,Chicken,477.3,2026-09-10T00:00:00,2026-09-30T00:00:00,NORMAL,S001
B_BATCH0144,BATCH-0144,Coriander,118.6,2026-09-10T00:00:00,2026-09-30T00:00:00,NORMAL,S001
B_BATCH0145,BATCH-0145,Tomatoes,303.8,2026-09-10T00:00:00,2026-09-30T00:00:00,NORMAL,S011
B_BATCH0146,BATCH-0146,Wheat Flour,395.1,2026-09-10T00:00:00,2026-09-30T00:00:00,NORMAL,S012
B_BATCH0147,BATCH-0147,Cardamom,373.3,2026-09-10T00:00:00,2026-09-30T00:00:00,NORMAL,S010
B_BATCH0148,BATCH-0148,Wheat Flour,98.6,2026-09-10T00:00:00,2026-09-30T00:00:00,MONITORING,S003
B_BATCH0149,BATCH-0149,Coriander,354.8,2026-09-10T00:00:00,2026-09-30T00:00:00,NORMAL,S005
B_BATCH0150,BATCH-0150,Cardamom,139.2,2026-09-10T00:00:00,2026-09-30T00:00:00,NORMAL,S007
B_BATCH0151,BATCH-0151,Rice,95.9,2026-09-10T00:00:00,2026-09-30T00:00:00,NORMAL,S011
B_BATCH0152,BATCH-0152,Coriander,412.5,2026-09-10T00:00:00,2026-09-30T00:00:00,NORMAL,S011
B_BATCH0153,BATCH-0153,Chicken,206.2,2026-09-10T00:00:00,2026-09-30T00:00:00,NORMAL,S010
B_BATCH0154,BATCH-0154,Tomatoes,277.7,2026-09-10T00:00:00,2026-09-30T00:00:00,NORMAL,S006
B_BATCH0155,BATCH-0155,Garam Masala,97.5,2026-09-10T00:00:00,2026-09-30T00:00:00,NORMAL,S007
B_BATCH0156,BATCH-0156,Garam Masala,368.3,2026-09-10T00:00:00,2026-09-30T00:00:00,NORMAL,S011
B_BATCH0157,BATCH-0157,Turmeric,484.5,2026-09-10T00:00:00,2026-09-30T00:00:00,NORMAL,S012
B_BATCH0158,BATCH-0158,Garam Masala,259.2,2026-09-10T00:00:00,2026-09-30T00:00:00,NORMAL,S009
B_BATCH0159,BATCH-0159,Wheat Flour,195.0,2026-09-10T00:00:00,2026-09-30T00:00:00,NORMAL,S010
B_BATCH0160,BATCH-0160,Wheat Flour,446.7,2026-09-10T00:00:00,2026-09-30T00:00:00,NORMAL,S002
B_BATCH0161,BATCH-0161,Coriander,324.6,2026-09-10T00:00:00,2026-09-30T00:00:00,NORMAL,S008
B_BATCH0162,BATCH-0162,Garam Masala,432.9,2026-09-10T00:00:00,2026-09-30T00:00:00,NORMAL,S001
B_BATCH0163,BATCH-0163,Lentils,409.0,2026-09-10T00:00:00,2026-09-30T00:00:00,NORMAL,S004
B_BATCH0164,BATCH-0164,Cardamom,446.0,2026-09-10T00:00:00,2026-09-30T00:00:00,NORMAL,S010
B_BATCH0165,BATCH-0165,Rice,88.5,2026-09-10T00:00:00,2026-09-30T00:00:00,NORMAL,S009
B_BATCH0166,BATCH-0166,Turmeric,391.2,2026-09-10T00:00:00,2026-09-30T00:00:00,NORMAL,S008
B_BATCH0167,BATCH-0167,Cardamom,270.9,2026-09-10T00:00:00,2026-09-30T00:00:00,NORMAL,S011
B_BATCH0168,BATCH-0168,Wheat Flour,149.7,2026-09-10T00:00:00,2026-09-30T00:00:00,NORMAL,S002
B_BATCH0169,BATCH-0169,Ghee,311.7,2026-09-10T00:00:00,2026-09-30T00:00:00,NORMAL,S005
B_BATCH0170,BATCH-0170,Lentils,241.5,2026-09-10T00:00:00,2026-09-30T00:00:00,NORMAL,S009
B_BATCH0171,BATCH-0171,Lentils,366.3,2026-09-10T00:00:00,2026-09-30T00:00:00,NORMAL,S006
B_BATCH0172,BATCH-0172,Rice,104.3,2026-09-10T00:00:00,2026-09-30T00:00:00,NORMAL,S005
B_BATCH0173,BATCH-0173,Cardamom,291.1,2026-09-10T00:00:00,2026-09-30T00:00:00,NORMAL,S002
B_BATCH0174,BATCH-0174,Rice,147.4,2026-09-10T00:00:00,2026-09-30T00:00:00,NORMAL,S003
B_BATCH0175,BATCH-0175,Coriander,489.5,2026-09-10T00:00:00,2026-09-30T00:00:00,NORMAL,S012
B_BATCH0176,BATCH-0176,Tomatoes,424.7,2026-09-10T00:00:00,2026-09-30T00:00:00,NORMAL,S005
B_BATCH0177,BATCH-0177,Onions,186.0,2026-09-10T00:00:00,2026-09-30T00:00:00,NORMAL,S006
B_BATCH0178,BATCH-0178,Wheat Flour,70.5,2026-09-10T00:00:00,2026-09-30T00:00:00,MONITORING,S003
B_BATCH0179,BATCH-0179,Cardamom,474.8,2026-09-10T00:00:00,2026-09-30T00:00:00,NORMAL,S005
B_BATCH0180,BATCH-0180,Tomatoes,442.7,2026-09-10T00:00:00,2026-09-30T00:00:00,NORMAL,S008
B_BATCH0181,BATCH-0181,Garam Masala,248.2,2026-09-10T00:00:00,2026-09-30T00:00:00,NORMAL,S008
B_BATCH0182,BATCH-0182,Wheat Flour,473.5,2026-09-10T00:00:00,2026-09-30T00:00:00,NORMAL,S001
B_BATCH0183,BATCH-0183,Oil,271.3,2026-09-10T00:00:00,2026-09-30T00:00:00,NORMAL,S002
B_BATCH0184,BATCH-0184,Chicken,118.3,2026-09-10T00:00:00,2026-09-30T00:00:00,NORMAL,S011
B_BATCH0185,BATCH-0185,Tomatoes,497.3,2026-09-10T00:00:00,2026-09-30T00:00:00,NORMAL,S005
B_BATCH0186,BATCH-0186,Coriander,318.3,2026-09-10T00:00:00,2026-09-30T00:00:00,NORMAL,S007
B_BATCH0187,BATCH-0187,Oil,252.7,2026-09-10T00:00:00,2026-09-30T00:00:00,NORMAL,S009
B_BATCH0188,BATCH-0188,Oil,187.4,2026-09-10T00:00:00,2026-09-30T00:00:00,NORMAL,S010
B_BATCH0189,BATCH-0189,Cardamom,94.7,2026-09-10T00:00:00,2026-09-30T00:00:00,NORMAL,S010
B_BATCH0190,BATCH-0190,Rice,169.1,2026-09-10T00:00:00,2026-09-30T00:00:00,NORMAL,S011
B_BATCH0191,BATCH-0191,Onions,298.4,2026-09-10T00:00:00,2026-09-30T00:00:00,NORMAL,S004
B_BATCH0192,BATCH-0192,Garam Masala,360.2,2026-09-10T00:00:00,2026-09-30T00:00:00,NORMAL,S007
B_BATCH0193,BATCH-0193,Rice,179.6,2026-09-10T00:00:00,2026-09-30T00:00:00,NORMAL,S001
B_BATCH0194,BATCH-0194,Tomatoes,359.3,2026-09-10T00:00:00,2026-09-30T00:00:00,NORMAL,S008
B_BATCH0195,BATCH-0195,Coriander,347.5,2026-09-10T00:00:00,2026-09-30T00:00:00,NORMAL,S011
B_BATCH0196,BATCH-0196,Tomatoes,295.1,2026-09-10T00:00:00,2026-09-30T00:00:00,NORMAL,S007
B_BATCH0197,BATCH-0197,Onions,82.1,2026-09-10T00:00:00,2026-09-30T00:00:00,NORMAL,S005
B_BATCH0198,BATCH-0198,Coriander,387.0,2026-09-10T00:00:00,2026-09-30T00:00:00,NORMAL,S005
B_BATCH0199,BATCH-0199,Garam Masala,106.0,2026-09-10T00:00:00,2026-09-30T00:00:00,NORMAL,S005
B_BATCH0200,BATCH-0200,Oil,474.2,2026-09-10T00:00:00,2026-09-30T00:00:00,NORMAL,S012
B_BATCH0201,BATCH-0201,Garam Masala,86.2,2026-09-10T00:00:00,2026-09-30T00:00:00,MONITORING,S008
B_BATCH0202,BATCH-0202,Cardamom,195.0,2026-09-10T00:00:00,2026-09-30T00:00:00,NORMAL,S007
B_BATCH0203,BATCH-0203,Rice,482.9,2026-09-10T00:00:00,2026-09-30T00:00:00,NORMAL,S002
B_BATCH0204,BATCH-0204,Coriander,477.9,2026-09-10T00:00:00,2026-09-30T00:00:00,NORMAL,S010
B_BATCH0205,BATCH-0205,Wheat Flour,309.3,2026-09-10T00:00:00,2026-09-30T00:00:00,NORMAL,S011
B_BATCH0206,BATCH-0206,Garam Masala,283.5,2026-09-10T00:00:00,2026-09-30T00:00:00,NORMAL,S003
B_BATCH0207,BATCH-0207,Onions,498.6,2026-09-10T00:00:00,2026-09-30T00:00:00,NORMAL,S005
B_BATCH0208,BATCH-0208,Tomatoes,261.5,2026-09-10T00:00:00,2026-09-30T00:00:00,NORMAL,S008
B_BATCH0209,BATCH-0209,Ghee,97.1,2026-09-10T00:00:00,2026-09-30T00:00:00,NORMAL,S006
B_BATCH0210,BATCH-0210,Cardamom,273.0,2026-09-10T00:00:00,2026-09-30T00:00:00,NORMAL,S007
B_BATCH0211,BATCH-0211,Turmeric,66.5,2026-09-10T00:00:00,2026-09-30T00:00:00,NORMAL,S007
B_BATCH0212,BATCH-0212,Lentils,102.2,2026-09-10T00:00:00,2026-09-30T00:00:00,NORMAL,S005
B_BATCH0213,BATCH-0213,Chicken,345.9,2026-09-10T00:00:00,2026-09-30T00:00:00,NORMAL,S009
B_BATCH0214,BATCH-0214,Chicken,134.4,2026-09-10T00:00:00,2026-09-30T00:00:00,NORMAL,S007
B_BATCH0215,BATCH-0215,Ghee,248.9,2026-09-10T00:00:00,2026-09-30T00:00:00,MONITORING,S008
B_BATCH0216,BATCH-0216,Turmeric,109.0,2026-09-10T00:00:00,2026-09-30T00:00:00,NORMAL,S005
B_BATCH0217,BATCH-0217,Garam Masala,104.6,2026-09-10T00:00:00,2026-09-30T00:00:00,NORMAL,S012
B_BATCH0218,BATCH-0218,Rice,369.4,2026-09-10T00:00:00,2026-09-30T00:00:00,NORMAL,S010
B_BATCH0219,BATCH-0219,Turmeric,233.6,2026-09-10T00:00:00,2026-09-30T00:00:00,NORMAL,S001
B_BATCH0220,BATCH-0220,Garam Masala,476.2,2026-09-10T00:00:00,2026-09-30T00:00:00,NORMAL,S002
B_BATCH0221,BATCH-0221,Garam Masala,469.7,2026-09-10T00:00:00,2026-09-30T00:00:00,NORMAL,S003
B_BATCH0222,BATCH-0222,Wheat Flour,237.0,2026-09-10T00:00:00,2026-09-30T00:00:00,NORMAL,S012
B_BATCH0223,BATCH-0223,Rice,255.6,2026-09-10T00:00:00,2026-09-30T00:00:00,NORMAL,S008
B_BATCH0224,BATCH-0224,Coriander,278.7,2026-09-10T00:00:00,2026-09-30T00:00:00,NORMAL,S004
B_BATCH0225,BATCH-0225,Wheat Flour,397.7,2026-09-10T00:00:00,2026-09-30T00:00:00,NORMAL,S002
B_BATCH0226,BATCH-0226,Turmeric,170.2,2026-09-10T00:00:00,2026-09-30T00:00:00,MONITORING,S006
B_BATCH0227,BATCH-0227,Wheat Flour,426.9,2026-09-10T00:00:00,2026-09-30T00:00:00,NORMAL,S012
B_BATCH0228,BATCH-0228,Garam Masala,439.4,2026-09-10T00:00:00,2026-09-30T00:00:00,NORMAL,S011
B_BATCH0229,BATCH-0229,Lentils,199.6,2026-09-10T00:00:00,2026-09-30T00:00:00,NORMAL,S008
B_BATCH0230,BATCH-0230,Garam Masala,469.8,2026-09-10T00:00:00,2026-09-30T00:00:00,NORMAL,S007
B_BATCH0231,BATCH-0231,Rice,307.3,2026-09-10T00:00:00,2026-09-30T00:00:00,NORMAL,S012
B_BATCH0232,BATCH-0232,Chicken,193.2,2026-09-10T00:00:00,2026-09-30T00:00:00,NORMAL,S007
B_BATCH0233,BATCH-0233,Oil,494.8,2026-09-10T00:00:00,2026-09-30T00:00:00,NORMAL,S007
B_BATCH0234,BATCH-0234,Onions,272.9,2026-09-10T00:00:00,2026-09-30T00:00:00,MONITORING,S011
B_BATCH0235,BATCH-0235,Coriander,199.4,2026-09-10T00:00:00,2026-09-30T00:00:00,NORMAL,S009
B_BATCH0236,BATCH-0236,Tomatoes,286.7,2026-09-10T00:00:00,2026-09-30T00:00:00,NORMAL,S008
B_BATCH0237,BATCH-0237,Onions,234.5,2026-09-10T00:00:00,2026-09-30T00:00:00,NORMAL,S012
B_BATCH0238,BATCH-0238,Tomatoes,261.3,2026-09-10T00:00:00,2026-09-30T00:00:00,NORMAL,S003
B_BATCH0239,BATCH-0239,Coriander,361.7,2026-09-10T00:00:00,2026-09-30T00:00:00,NORMAL,S006
B_BATCH0240,BATCH-0240,Ghee,436.7,2026-09-10T00:00:00,2026-09-30T00:00:00,NORMAL,S006
B_BATCH0241,BATCH-0241,Ghee,373.4,2026-09-10T00:00:00,2026-09-30T00:00:00,NORMAL,S006
B_BATCH0242,BATCH-0242,Chicken,327.9,2026-09-10T00:00:00,2026-09-30T00:00:00,NORMAL,S009
B_BATCH0243,BATCH-0243,Wheat Flour,498.8,2026-09-10T00:00:00,2026-09-30T00:00:00,NORMAL,S011
B_BATCH0244,BATCH-0244,Tomatoes,392.2,2026-09-10T00:00:00,2026-09-30T00:00:00,NORMAL,S007
B_BATCH0245,BATCH-0245,Garam Masala,124.9,2026-09-10T00:00:00,2026-09-30T00:00:00,NORMAL,S002
B_BATCH0246,BATCH-0246,Chicken,196.0,2026-09-10T00:00:00,2026-09-30T00:00:00,MONITORING,S001
B_BATCH0247,BATCH-0247,Lentils,243.8,2026-09-10T00:00:00,2026-09-30T00:00:00,NORMAL,S006
B_BATCH0248,BATCH-0248,Coriander,356.8,2026-09-10T00:00:00,2026-09-30T00:00:00,NORMAL,S007
B_BATCH0249,BATCH-0249,Tomatoes,324.3,2026-09-10T00:00:00,2026-09-30T00:00:00,NORMAL,S003
B_BATCH0250,BATCH-0250,Rice,274.0,2026-09-10T00:00:00,2026-09-30T00:00:00,NORMAL,S011
B_BATCH0251,BATCH-0251,Garam Masala,337.1,2026-09-10T00:00:00,2026-09-30T00:00:00,NORMAL,S004
B_BATCH0252,BATCH-0252,Chicken,454.5,2026-09-10T00:00:00,2026-09-30T00:00:00,NORMAL,S011
B_BATCH0253,BATCH-0253,Ghee,296.0,2026-09-10T00:00:00,2026-09-30T00:00:00,MONITORING,S005
B_BATCH0254,BATCH-0254,Coriander,184.6,2026-09-10T00:00:00,2026-09-30T00:00:00,NORMAL,S006
B_BATCH0255,BATCH-0255,Wheat Flour,255.6,2026-09-10T00:00:00,2026-09-30T00:00:00,NORMAL,S012
B_BATCH0256,BATCH-0256,Garam Masala,98.0,2026-09-10T00:00:00,2026-09-30T00:00:00,NORMAL,S007
B_BATCH0257,BATCH-0257,Coriander,183.1,2026-09-10T00:00:00,2026-09-30T00:00:00,NORMAL,S006
B_BATCH0258,BATCH-0258,Ghee,228.1,2026-09-10T00:00:00,2026-09-30T00:00:00,MONITORING,S001
B_BATCH0259,BATCH-0259,Cardamom,488.1,2026-09-10T00:00:00,2026-09-30T00:00:00,NORMAL,S011
B_BATCH0260,BATCH-0260,Garam Masala,424.8,2026-09-10T00:00:00,2026-09-30T00:00:00,NORMAL,S012
B_BATCH0261,BATCH-0261,Coriander,410.9,2026-09-10T00:00:00,2026-09-30T00:00:00,NORMAL,S004
B_BATCH0262,BATCH-0262,Coriander,162.8,2026-09-10T00:00:00,2026-09-30T00:00:00,NORMAL,S004
B_BATCH0263,BATCH-0263,Ghee,427.3,2026-09-10T00:00:00,2026-09-30T00:00:00,NORMAL,S011
B_BATCH0264,BATCH-0264,Ghee,67.7,2026-09-10T00:00:00,2026-09-30T00:00:00,NORMAL,S011
B_BATCH0265,BATCH-0265,Coriander,214.2,2026-09-10T00:00:00,2026-09-30T00:00:00,NORMAL,S001
B_BATCH0266,BATCH-0266,Lentils,386.4,2026-09-10T00:00:00,2026-09-30T00:00:00,NORMAL,S005
B_BATCH0267,BATCH-0267,Turmeric,444.4,2026-09-10T00:00:00,2026-09-30T00:00:00,NORMAL,S003
B_BATCH0268,BATCH-0268,Wheat Flour,423.7,2026-09-10T00:00:00,2026-09-30T00:00:00,NORMAL,S009
B_BATCH0269,BATCH-0269,Wheat Flour,386.0,2026-09-10T00:00:00,2026-09-30T00:00:00,NORMAL,S008
B_BATCH0270,BATCH-0270,Garam Masala,483.3,2026-09-10T00:00:00,2026-09-30T00:00:00,NORMAL,S002
B_BATCH0271,BATCH-0271,Ghee,375.9,2026-09-10T00:00:00,2026-09-30T00:00:00,NORMAL,S004
B_BATCH0272,BATCH-0272,Lentils,90.6,2026-09-10T00:00:00,2026-09-30T00:00:00,NORMAL,S009
B_BATCH0273,BATCH-0273,Turmeric,105.6,2026-09-10T00:00:00,2026-09-30T00:00:00,NORMAL,S005
B_BATCH0274,BATCH-0274,Ghee,168.0,2026-09-10T00:00:00,2026-09-30T00:00:00,NORMAL,S012
B_BATCH0275,BATCH-0275,Lentils,98.8,2026-09-10T00:00:00,2026-09-30T00:00:00,NORMAL,S011
B_BATCH0276,BATCH-0276,Coriander,447.9,2026-09-10T00:00:00,2026-09-30T00:00:00,NORMAL,S001
B_BATCH0277,BATCH-0277,Rice,341.4,2026-09-10T00:00:00,2026-09-30T00:00:00,NORMAL,S010
B_BATCH0278,BATCH-0278,Cardamom,186.0,2026-09-10T00:00:00,2026-09-30T00:00:00,NORMAL,S008
B_BATCH0279,BATCH-0279,Chicken,475.8,2026-09-10T00:00:00,2026-09-30T00:00:00,NORMAL,S003
B_BATCH0280,BATCH-0280,Tomatoes,93.7,2026-09-10T00:00:00,2026-09-30T00:00:00,NORMAL,S008
B_BATCH0281,BATCH-0281,Oil,254.1,2026-09-10T00:00:00,2026-09-30T00:00:00,NORMAL,S003
B_BATCH0282,BATCH-0282,Cardamom,475.7,2026-09-10T00:00:00,2026-09-30T00:00:00,NORMAL,S012
B_BATCH0283,BATCH-0283,Cardamom,119.5,2026-09-10T00:00:00,2026-09-30T00:00:00,NORMAL,S012
B_BATCH0284,BATCH-0284,Garam Masala,327.0,2026-09-10T00:00:00,2026-09-30T00:00:00,NORMAL,S002
B_BATCH0285,BATCH-0285,Chicken,360.6,2026-09-10T00:00:00,2026-09-30T00:00:00,NORMAL,S005
B_BATCH0286,BATCH-0286,Rice,435.0,2026-09-10T00:00:00,2026-09-30T00:00:00,NORMAL,S008
B_BATCH0287,BATCH-0287,Lentils,295.0,2026-09-10T00:00:00,2026-09-30T00:00:00,NORMAL,S011
B_BATCH0288,BATCH-0288,Chicken,229.2,2026-09-10T00:00:00,2026-09-30T00:00:00,NORMAL,S006
B_BATCH0289,BATCH-0289,Garam Masala,91.3,2026-09-10T00:00:00,2026-09-30T00:00:00,NORMAL,S002
B_BATCH0290,BATCH-0290,Coriander,487.0,2026-09-10T00:00:00,2026-09-30T00:00:00,MONITORING,S011
B_BATCH0291,BATCH-0291,Rice,495.0,2026-09-10T00:00:00,2026-09-30T00:00:00,NORMAL,S006
B_BATCH0292,BATCH-0292,Tomatoes,423.4,2026-09-10T00:00:00,2026-09-30T00:00:00,NORMAL,S004
B_BATCH0293,BATCH-0293,Rice,415.9,2026-09-10T00:00:00,2026-09-30T00:00:00,NORMAL,S010
B_BATCH0294,BATCH-0294,Coriander,51.3,2026-09-10T00:00:00,2026-09-30T00:00:00,NORMAL,S003
B_BATCH0295,BATCH-0295,Onions,293.1,2026-09-10T00:00:00,2026-09-30T00:00:00,NORMAL,S003
B_BATCH0296,BATCH-0296,Ghee,439.9,2026-09-10T00:00:00,2026-09-30T00:00:00,NORMAL,S002
B_BATCH0297,BATCH-0297,Rice,315.0,2026-09-10T00:00:00,2026-09-30T00:00:00,MONITORING,S006
B_BATCH0298,BATCH-0298,Chicken,107.0,2026-09-10T00:00:00,2026-09-30T00:00:00,NORMAL,S005
B_BATCH0299,BATCH-0299,Cardamom,78.6,2026-09-10T00:00:00,2026-09-30T00:00:00,NORMAL,S002
B_BATCH0300,BATCH-0300,Turmeric,317.1,2026-09-10T00:00:00,2026-09-30T00:00:00,NORMAL,S006
B_BATCH0301,BATCH-0301,Coriander,69.5,2026-09-10T00:00:00,2026-09-30T00:00:00,NORMAL,S004
B_BATCH0302,BATCH-0302,Turmeric,185.7,2026-09-10T00:00:00,2026-09-30T00:00:00,NORMAL,S011
B_BATCH0303,BATCH-0303,Chicken,499.4,2026-09-10T00:00:00,2026-09-30T00:00:00,NORMAL,S001
B_BATCH0304,BATCH-0304,Ghee,98.6,2026-09-10T00:00:00,2026-09-30T00:00:00,NORMAL,S007
B_BATCH0305,BATCH-0305,Tomatoes,454.7,2026-09-10T00:00:00,2026-09-30T00:00:00,NORMAL,S008
B_BATCH0306,BATCH-0306,Tomatoes,106.8,2026-09-10T00:00:00,2026-09-30T00:00:00,NORMAL,S003
B_BATCH0307,BATCH-0307,Turmeric,370.5,2026-09-10T00:00:00,2026-09-30T00:00:00,NORMAL,S010
B_BATCH0308,BATCH-0308,Turmeric,182.7,2026-09-10T00:00:00,2026-09-30T00:00:00,NORMAL,S010
B_BATCH0309,BATCH-0309,Tomatoes,406.9,2026-09-10T00:00:00,2026-09-30T00:00:00,NORMAL,S007
B_BATCH0310,BATCH-0310,Ghee,445.0,2026-09-10T00:00:00,2026-09-30T00:00:00,NORMAL,S011
B_BATCH0311,BATCH-0311,Oil,253.2,2026-09-10T00:00:00,2026-09-30T00:00:00,NORMAL,S004
B_BATCH0312,BATCH-0312,Garam Masala,229.4,2026-09-10T00:00:00,2026-09-30T00:00:00,NORMAL,S006
B_BATCH0313,BATCH-0313,Oil,190.6,2026-09-10T00:00:00,2026-09-30T00:00:00,NORMAL,S006
B_BATCH0314,BATCH-0314,Ghee,465.3,2026-09-10T00:00:00,2026-09-30T00:00:00,MONITORING,S003
B_BATCH0315,BATCH-0315,Tomatoes,244.3,2026-09-10T00:00:00,2026-09-30T00:00:00,NORMAL,S002
B_BATCH0316,BATCH-0316,Onions,300.4,2026-09-10T00:00:00,2026-09-30T00:00:00,NORMAL,S006
B_BATCH0317,BATCH-0317,Turmeric,198.3,2026-09-10T00:00:00,2026-09-30T00:00:00,NORMAL,S009
B_BATCH0318,BATCH-0318,Ghee,473.5,2026-09-10T00:00:00,2026-09-30T00:00:00,NORMAL,S006
B_BATCH0319,BATCH-0319,Chicken,485.8,2026-09-10T00:00:00,2026-09-30T00:00:00,NORMAL,S012
B_BATCH0320,BATCH-0320,Tomatoes,310.1,2026-09-10T00:00:00,2026-09-30T00:00:00,NORMAL,S006
B_BATCH0321,BATCH-0321,Garam Masala,150.9,2026-09-10T00:00:00,2026-09-30T00:00:00,NORMAL,S011
B_BATCH0322,BATCH-0322,Lentils,101.7,2026-09-10T00:00:00,2026-09-30T00:00:00,NORMAL,S009
B_BATCH0323,BATCH-0323,Oil,430.3,2026-09-10T00:00:00,2026-09-30T00:00:00,NORMAL,S004
B_BATCH0324,BATCH-0324,Coriander,353.7,2026-09-10T00:00:00,2026-09-30T00:00:00,NORMAL,S010
B_BATCH0325,BATCH-0325,Ghee,423.3,2026-09-10T00:00:00,2026-09-30T00:00:00,NORMAL,S010
B_BATCH0326,BATCH-0326,Wheat Flour,366.2,2026-09-10T00:00:00,2026-09-30T00:00:00,NORMAL,S003
B_BATCH0327,BATCH-0327,Lentils,52.7,2026-09-10T00:00:00,2026-09-30T00:00:00,NORMAL,S006
B_BATCH0328,BATCH-0328,Ghee,230.4,2026-09-10T00:00:00,2026-09-30T00:00:00,NORMAL,S010
B_BATCH0329,BATCH-0329,Chicken,91.3,2026-09-10T00:00:00,2026-09-30T00:00:00,NORMAL,S011
B_BATCH0330,BATCH-0330,Oil,254.1,2026-09-10T00:00:00,2026-09-30T00:00:00,NORMAL,S007
B_BATCH0331,BATCH-0331,Cardamom,196.0,2026-09-10T00:00:00,2026-09-30T00:00:00,NORMAL,S005
B_BATCH0332,BATCH-0332,Tomatoes,447.5,2026-09-10T00:00:00,2026-09-30T00:00:00,NORMAL,S010
B_BATCH0333,BATCH-0333,Chicken,353.3,2026-09-10T00:00:00,2026-09-30T00:00:00,NORMAL,S010
B_BATCH0334,BATCH-0334,Oil,268.5,2026-09-10T00:00:00,2026-09-30T00:00:00,NORMAL,S011
B_BATCH0335,BATCH-0335,Rice,389.7,2026-09-10T00:00:00,2026-09-30T00:00:00,NORMAL,S005
B_BATCH0336,BATCH-0336,Tomatoes,177.5,2026-09-10T00:00:00,2026-09-30T00:00:00,NORMAL,S007
B_BATCH0337,BATCH-0337,Turmeric,350.2,2026-09-10T00:00:00,2026-09-30T00:00:00,MONITORING,S008
B_BATCH0338,BATCH-0338,Coriander,74.7,2026-09-10T00:00:00,2026-09-30T00:00:00,NORMAL,S007
B_BATCH0339,BATCH-0339,Onions,393.9,2026-09-10T00:00:00,2026-09-30T00:00:00,NORMAL,S004
B_BATCH0340,BATCH-0340,Chicken,273.8,2026-09-10T00:00:00,2026-09-30T00:00:00,NORMAL,S002
B_BATCH0341,BATCH-0341,Oil,289.7,2026-09-10T00:00:00,2026-09-30T00:00:00,NORMAL,S003
B_BATCH0342,BATCH-0342,Ghee,412.8,2026-09-10T00:00:00,2026-09-30T00:00:00,MONITORING,S009
B_BATCH0343,BATCH-0343,Chicken,246.3,2026-09-10T00:00:00,2026-09-30T00:00:00,NORMAL,S012
B_BATCH0344,BATCH-0344,Lentils,309.1,2026-09-10T00:00:00,2026-09-30T00:00:00,NORMAL,S002
B_BATCH0345,BATCH-0345,Ghee,238.0,2026-09-10T00:00:00,2026-09-30T00:00:00,NORMAL,S012
B_BATCH0346,BATCH-0346,Lentils,127.3,2026-09-10T00:00:00,2026-09-30T00:00:00,NORMAL,S001
B_BATCH0347,BATCH-0347,Cardamom,463.9,2026-09-10T00:00:00,2026-09-30T00:00:00,NORMAL,S008
B_BATCH0348,BATCH-0348,Rice,246.1,2026-09-10T00:00:00,2026-09-30T00:00:00,NORMAL,S002
B_BATCH0349,BATCH-0349,Oil,441.7,2026-09-10T00:00:00,2026-09-30T00:00:00,NORMAL,S002
B_BATCH0350,BATCH-0350,Lentils,400.6,2026-09-10T00:00:00,2026-09-30T00:00:00,MONITORING,S004
B_BATCH0351,BATCH-0351,Tomatoes,288.8,2026-09-10T00:00:00,2026-09-30T00:00:00,NORMAL,S011
B_BATCH0352,BATCH-0352,Lentils,377.3,2026-09-10T00:00:00,2026-09-30T00:00:00,NORMAL,S006
B_BATCH0353,BATCH-0353,Rice,96.3,2026-09-10T00:00:00,2026-09-30T00:00:00,NORMAL,S003
B_BATCH0354,BATCH-0354,Coriander,118.8,2026-09-10T00:00:00,2026-09-30T00:00:00,NORMAL,S003
B_BATCH0355,BATCH-0355,Onions,478.1,2026-09-10T00:00:00,2026-09-30T00:00:00,NORMAL,S002
B_BATCH0356,BATCH-0356,Coriander,391.9,2026-09-10T00:00:00,2026-09-30T00:00:00,NORMAL,S008
B_BATCH0357,BATCH-0357,Ghee,335.9,2026-09-10T00:00:00,2026-09-30T00:00:00,NORMAL,S010
B_BATCH0358,BATCH-0358,Lentils,117.9,2026-09-10T00:00:00,2026-09-30T00:00:00,MONITORING,S011
B_BATCH0359,BATCH-0359,Ghee,186.3,2026-09-10T00:00:00,2026-09-30T00:00:00,NORMAL,S008
B_BATCH0360,BATCH-0360,Lentils,278.3,2026-09-10T00:00:00,2026-09-30T00:00:00,NORMAL,S001
B_BATCH0361,BATCH-0361,Chicken,75.6,2026-09-10T00:00:00,2026-09-30T00:00:00,NORMAL,S008
B_BATCH0362,BATCH-0362,Ghee,438.9,2026-09-10T00:00:00,2026-09-30T00:00:00,NORMAL,S002
B_BATCH0363,BATCH-0363,Coriander,278.2,2026-09-10T00:00:00,2026-09-30T00:00:00,NORMAL,S010
B_BATCH0364,BATCH-0364,Cardamom,453.1,2026-09-10T00:00:00,2026-09-30T00:00:00,NORMAL,S009
B_BATCH0365,BATCH-0365,Ghee,134.7,2026-09-10T00:00:00,2026-09-30T00:00:00,NORMAL,S010
B_BATCH0366,BATCH-0366,Onions,481.0,2026-09-10T00:00:00,2026-09-30T00:00:00,NORMAL,S009
B_BATCH0367,BATCH-0367,Cardamom,87.9,2026-09-10T00:00:00,2026-09-30T00:00:00,NORMAL,S006
B_BATCH0368,BATCH-0368,Rice,368.4,2026-09-10T00:00:00,2026-09-30T00:00:00,NORMAL,S001
B_BATCH0369,BATCH-0369,Turmeric,324.4,2026-09-10T00:00:00,2026-09-30T00:00:00,NORMAL,S009
B_BATCH0370,BATCH-0370,Oil,233.9,2026-09-10T00:00:00,2026-09-30T00:00:00,NORMAL,S005
B_BATCH0371,BATCH-0371,Chicken,405.2,2026-09-10T00:00:00,2026-09-30T00:00:00,NORMAL,S010
B_BATCH0372,BATCH-0372,Lentils,92.5,2026-09-10T00:00:00,2026-09-30T00:00:00,NORMAL,S002
B_BATCH0373,BATCH-0373,Wheat Flour,375.7,2026-09-10T00:00:00,2026-09-30T00:00:00,NORMAL,S005
B_BATCH0374,BATCH-0374,Onions,200.0,2026-09-10T00:00:00,2026-09-30T00:00:00,NORMAL,S010
B_BATCH0375,BATCH-0375,Lentils,189.6,2026-09-10T00:00:00,2026-09-30T00:00:00,NORMAL,S003
B_BATCH0376,BATCH-0376,Oil,108.0,2026-09-10T00:00:00,2026-09-30T00:00:00,NORMAL,S011
B_BATCH0377,BATCH-0377,Wheat Flour,301.5,2026-09-10T00:00:00,2026-09-30T00:00:00,NORMAL,S002
B_BATCH0378,BATCH-0378,Onions,351.6,2026-09-10T00:00:00,2026-09-30T00:00:00,NORMAL,S006
B_BATCH0379,BATCH-0379,Ghee,460.6,2026-09-10T00:00:00,2026-09-30T00:00:00,NORMAL,S012
B_BATCH0380,BATCH-0380,Oil,278.8,2026-09-10T00:00:00,2026-09-30T00:00:00,MONITORING,S011
B_BATCH0381,BATCH-0381,Onions,478.0,2026-09-10T00:00:00,2026-09-30T00:00:00,NORMAL,S005
B_BATCH0382,BATCH-0382,Rice,151.9,2026-09-10T00:00:00,2026-09-30T00:00:00,NORMAL,S008
B_BATCH0383,BATCH-0383,Wheat Flour,430.0,2026-09-10T00:00:00,2026-09-30T00:00:00,NORMAL,S002
B_BATCH0384,BATCH-0384,Cardamom,447.7,2026-09-10T00:00:00,2026-09-30T00:00:00,MONITORING,S009
B_BATCH0385,BATCH-0385,Coriander,109.0,2026-09-10T00:00:00,2026-09-30T00:00:00,NORMAL,S006
B_BATCH0386,BATCH-0386,Onions,424.1,2026-09-10T00:00:00,2026-09-30T00:00:00,NORMAL,S003
B_BATCH0387,BATCH-0387,Cardamom,247.0,2026-09-10T00:00:00,2026-09-30T00:00:00,NORMAL,S003
B_BATCH0388,BATCH-0388,Cardamom,156.9,2026-09-10T00:00:00,2026-09-30T00:00:00,NORMAL,S011
B_BATCH0389,BATCH-0389,Cardamom,402.7,2026-09-10T00:00:00,2026-09-30T00:00:00,NORMAL,S005
B_BATCH0390,BATCH-0390,Wheat Flour,484.5,2026-09-10T00:00:00,2026-09-30T00:00:00,NORMAL,S004
B_BATCH0391,BATCH-0391,Lentils,355.2,2026-09-10T00:00:00,2026-09-30T00:00:00,NORMAL,S004
B_BATCH0392,BATCH-0392,Garam Masala,396.2,2026-09-10T00:00:00,2026-09-30T00:00:00,NORMAL,S008
B_BATCH0393,BATCH-0393,Turmeric,238.4,2026-09-10T00:00:00,2026-09-30T00:00:00,NORMAL,S009
B_BATCH0394,BATCH-0394,Coriander,112.3,2026-09-10T00:00:00,2026-09-30T00:00:00,NORMAL,S004
B_BATCH0395,BATCH-0395,Garam Masala,443.4,2026-09-10T00:00:00,2026-09-30T00:00:00,NORMAL,S011
B_BATCH0396,BATCH-0396,Cardamom,430.7,2026-09-10T00:00:00,2026-09-30T00:00:00,NORMAL,S002
