id,batch_id,kitchen_id
PL_PNR_001,B_PNR2047,K001
PL_PNR_002,B_PNR2047,K002
PL_PNR_003,B_PNR2047,K003
PL_PNR_004,B_PNR2047,K004
PL_PNR_005,B_PNR2047,K005
PL_PNR_006,B_PNR2047,K006
PL_PNR_007,B_PNR2047,K007
PL_PNR_008,B_PNR2047,K008
PL_PNR_009,B_PNR2047,K009
PL_PNR_010,B_PNR2047,K010
PL_PNR_011,B_PNR2047,K011
PL_PNR_012,B_PNR2047,K012
PL_PNR_013,B_PNR2047,K001
PL_PNR_014,B_PNR2047,K002
PL_PNR_015,B_PNR2047,K003
PL_PNR_016,B_PNR2047,K004
PL_PNR_017,B_PNR2047,K005
PL_PNR_018,B_PNR2047,K006
PL_PNR_019,B_PNR2047,K007
PL_PNR_020,B_PNR2047,K008
PL_PNR_021,B_PNR2047,K009
PL_PNR_022,B_PNR2047,K010
PL_PNR_023,B_PNR2047,K011
PL_PNR_024,B_PNR2047,K012
PL_PNR_025,B_PNR2047,K001
PL_PNR_026,B_PNR2047,K002
PL_PNR_027,B_PNR2047,K003
PL_PNR_028,B_PNR2047,K004
PL_PNR_029,B_PNR2047,K005
PL_PNR_030,B_PNR2047,K006
PL_PNR_031,B_PNR2047,K007
PL_BULK_0001,B_BATCH0354,K005
PL_BULK_0002,B_BATCH0386,K023
PL_BULK_0003,B_BATCH0238,K015
PL_BULK_0004,B_BATCH0313,K001
PL_BULK_0005,B_BATCH0038,K001
PL_BULK_0006,B_BATCH0129,K007
PL_BULK_0007,B_BATCH0074,K018
PL_BULK_0008,B_BATCH0370,K020
PL_BULK_0009,B_BATCH0268,K014
PL_BULK_0010,B_BATCH0054,K025
PL_BULK_0011,B_BATCH0145,K008
PL_BULK_0012,B_BATCH0152,K004
PL_BULK_0013,B_BATCH0022,K008
PL_BULK_0014,B_BATCH0212,K021
PL_BULK_0015,B_BATCH0316,K015
PL_BULK_0016,B_BATCH0030,K004
PL_BULK_0017,B_BATCH0253,K020
PL_BULK_0018,B_BATCH0272,K001
PL_BULK_0019,B_BATCH0321,K017
PL_BULK_0020,B_BATCH0292,K008
PL_BULK_0021,B_BATCH0365,K005
PL_BULK_0022,B_BATCH0147,K014
PL_BULK_0023,B_VEG9182,K020
PL_BULK_0024,B_BATCH0178,K008
PL_BULK_0025,B_BATCH0290,K014
PL_BULK_0026,B_BATCH0093,K022
PL_BULK_0027,B_BATCH0340,K003
PL_BULK_0028,B_BATCH0266,K012
PL_BULK_0029,B_BATCH0032,K017
PL_BULK_0030,B_BATCH0276,K017
PL_BULK_0031,B_BATCH0257,K018
PL_BULK_0032,B_BATCH0008,K013
PL_BULK_0033,B_BATCH0238,K002
PL_BULK_0034,B_BATCH0323,K013
PL_BULK_0035,B_BATCH0189,K009
PL_BULK_0036,B_BATCH0380,K001
PL_BULK_0037,B_BATCH0180,K003
PL_BULK_0038,B_BATCH0174,K008
PL_BULK_0039,B_BATCH0373,K022
PL_BULK_0040,B_BATCH0319,K004
PL_BULK_0041,B_BATCH0393,K019
PL_BULK_0042,B_BATCH0374,K025
PL_BULK_0043,B_BATCH0168,K005
PL_BULK_0044,B_BATCH0020,K012
PL_BULK_0045,B_BATCH0277,K011
PL_BULK_0046,B_BATCH0327,K006
PL_BULK_0047,B_BATCH0396,K022
PL_BULK_0048,B_BATCH0235,K023
PL_BULK_0049,B_BATCH0243,K021
PL_BULK_0050,B_BATCH0091,K005
PL_BULK_0051,B_BATCH0030,K023
PL_BULK_0052,B_BATCH0395,K015
PL_BULK_0053,B_BATCH0016,K010
PL_BULK_0054,B_BATCH0101,K002
PL_BULK_0055,B_BATCH0100,K002
PL_BULK_0056,B_BATCH0159,K010
PL_BULK_0057,B_BATCH0261,K013
PL_BULK_0058,B_BATCH0276,K016
PL_BULK_0059,B_BATCH0127,K002
PL_BULK_0060,B_BATCH0383,K021
PL_BULK_0061,B_BATCH0095,K010
PL_BULK_0062,B_BATCH0180,K025
PL_BULK_0063,B_BATCH0022,K021
PL_BULK_0064,B_BATCH0167,K009
PL_BULK_0065,B_BATCH0061,K012
PL_BULK_0066,B_BATCH0221,K013
PL_BULK_0067,B_BATCH0378,K015
PL_BULK_0068,B_BATCH0195,K011
PL_BULK_0069,B_BATCH0093,K016
PL_BULK_0070,B_BATCH0352,K016
PL_BULK_0071,B_BATCH0186,K017
PL_BULK_0072,B_BATCH0134,K003
PL_BULK_0073,B_BATCH0370,K014
PL_BULK_0074,B_BATCH0038,K014
PL_BULK_0075,B_BATCH0306,K006
PL_BULK_0076,B_BATCH0277,K010
PL_BULK_0077,B_BATCH0162,K004
PL_BULK_0078,B_BATCH0038,K011
PL_BULK_0079,B_BATCH0336,K010
PL_BULK_0080,B_BATCH0154,K015
PL_BULK_0081,B_BATCH0306,K023
PL_BULK_0082,B_BATCH0216,K006
PL_BULK_0083,B_BATCH0351,K015
PL_BULK_0084,B_BATCH0177,K015
PL_BULK_0085,B_BATCH0019,K024
PL_BULK_0086,B_BATCH0178,K020
PL_BULK_0087,B_BATCH0220,K009
PL_BULK_0088,B_BATCH0325,K002
PL_BULK_0089,B_BATCH0036,K022
PL_BULK_0090,B_BATCH0324,K013
PL_BULK_0091,B_BATCH0184,K017
PL_BULK_0092,B_BATCH0381,K022
PL_BULK_0093,B_BATCH0079,K001
PL_BULK_0094,B_BATCH0071,K020
PL_BULK_0095,B_BATCH0345,K015
PL_BULK_0096,B_BATCH0015,K005
PL_BULK_0097,B_BATCH0032,K008
PL_BULK_0098,B_BATCH0396,K021
PL_BULK_0099,B_BATCH0185,K012
PL_BULK_0100,B_BATCH0194,K019
PL_BULK_0101,B_BATCH0014,K020
PL_BULK_0102,B_BATCH0076,K022
PL_BULK_0103,B_BATCH0228,K012
PL_BULK_0104,B_BATCH0188,K015
PL_BULK_0105,B_BATCH0388,K003
PL_BULK_0106,B_BATCH0291,K005
PL_BULK_0107,B_BATCH0269,K012
PL_BULK_0108,B_BATCH0201,K011
PL_BULK_0109,B_BATCH0330,K009
PL_BULK_0110,B_BATCH0125,K004
PL_BULK_0111,B_BATCH0011,K024
PL_BULK_0112,B_BATCH0093,K016
PL_BULK_0113,B_BATCH0263,K013
PL_BULK_0114,B_BATCH0285,K004
PL_BULK_0115,B_BATCH0132,K025
PL_BULK_0116,B_BATCH0131,K023
PL_BULK_0117,B_BATCH0226,K007
PL_BULK_0118,B_BATCH0311,K010
PL_BULK_0119,B_BATCH0353,K016
PL_BULK_0120,B_BATCH0100,K004
PL_BULK_0121,B_BATCH0067,K003
PL_BULK_0122,B_BATCH0229,K006
PL_BULK_0123,B_BATCH0363,K015
PL_BULK_0124,B_BATCH0042,K022
PL_BULK_0125,B_BATCH0161,K022
PL_BULK_0126,B_BATCH0175,K023
PL_BULK_0127,B_BATCH0031,K018
PL_BULK_0128,B_BATCH0275,K010
PL_BULK_0129,B_BATCH0151,K006
PL_BULK_0130,B_BATCH0362,K023
PL_BULK_0131,B_BATCH0356,K021
PL_BULK_0132,B_BATCH0087,K012
PL_BULK_0133,B_BATCH0258,K008
PL_BULK_0134,B_BATCH0060,K007
PL_BULK_0135,B_BATCH0069,K008
PL_BULK_0136,B_BATCH0250,K001
PL_BULK_0137,B_BATCH0182,K018
PL_BULK_0138,B_BATCH0291,K012
PL_BULK_0139,B_BATCH0237,K018
PL_BULK_0140,B_BATCH0064,K020
PL_BULK_0141,B_BATCH0042,K003
PL_BULK_0142,B_BATCH0156,K013
PL_BULK_0143,B_BATCH0365,K024
PL_BULK_0144,B_BATCH0243,K017
PL_BULK_0145,B_BATCH0208,K025
PL_BULK_0146,B_BATCH0207,K019
PL_BULK_0147,B_BATCH0035,K005
PL_BULK_0148,B_BATCH0160,K021
PL_BULK_0149,B_BATCH0035,K015
PL_BULK_0150,B_BATCH0236,K022
PL_BULK_0151,B_BATCH0262,K012
PL_BULK_0152,B_BATCH0063,K025
PL_BULK_0153,B_BATCH0280,K021
PL_BULK_0154,B_BATCH0298,K006
PL_BULK_0155,B_BATCH0391,K005
PL_BULK_0156,B_BATCH0219,K017
PL_BULK_0157,B_BATCH0026,K004
PL_BULK_0158,B_BATCH0263,K005
PL_BULK_0159,B_BATCH0153,K006
PL_BULK_0160,B_BATCH0080,K011
PL_BULK_0161,B_BATCH0361,K008
PL_BULK_0162,B_BATCH0175,K017
PL_BULK_0163,B_BATCH0143,K003
PL_BULK_0164,B_BATCH0126,K007
PL_BULK_0165,B_BATCH0323,K018
PL_BULK_0166,B_BATCH0138,K005
PL_BULK_0167,B_BATCH0318,K010
PL_BULK_0168,B_BATCH0312,K018
PL_BULK_0169,B_BATCH0045,K017
PL_BULK_0170,B_BATCH0326,K006
PL_BULK_0171,B_BATCH0301,K019
PL_BULK_0172,B_BATCH0076,K006
PL_BULK_0173,B_BATCH0335,K020
PL_BULK_0174,B_BATCH0366,K020
PL_BULK_0175,B_BATCH0170,K019
PL_BULK_0176,B_BATCH0019,K001
PL_BULK_0177,B_BATCH0039,K002
PL_BULK_0178,B_BATCH0326,K025
PL_BULK_0179,B_BATCH0293,K009
PL_BULK_0180,B_BATCH0331,K007
PL_BULK_0181,B_BATCH0390,K019
PL_BULK_0182,B_BATCH0211,K020
PL_BULK_0183,B_BATCH0325,K001
PL_BULK_0184,B_BATCH0252,K021
PL_BULK_0185,B_BATCH0277,K010
PL_BULK_0186,B_BATCH0326,K010
PL_BULK_0187,B_BATCH0245,K008
PL_BULK_0188,B_BATCH0348,K013
PL_BULK_0189,B_BATCH0150,K015
PL_BULK_0190,B_BATCH0035,K023
PL_BULK_0191,B_BATCH0028,K006
PL_BULK_0192,B_BATCH0223,K014
PL_BULK_0193,B_BATCH0245,K015
PL_BULK_0194,B_BATCH0102,K011
PL_BULK_0195,B_BATCH0308,K005
PL_BULK_0196,B_BATCH0158,K023
PL_BULK_0197,B_BATCH0161,K024
PL_BULK_0198,B_BATCH0174,K013
PL_BULK_0199,B_BATCH0064,K025
PL_BULK_0200,B_BATCH0187,K017
PL_BULK_0201,B_BATCH0285,K004
PL_BULK_0202,B_BATCH0161,K008
PL_BULK_0203,B_BATCH0236,K004
PL_BULK_0204,B_BATCH0134,K015
PL_BULK_0205,B_BATCH0124,K005
PL_BULK_0206,B_BATCH0047,K002
PL_BULK_0207,B_BATCH0146,K013
PL_BULK_0208,B_BATCH0313,K014
PL_BULK_0209,B_BATCH0125,K006
PL_BULK_0210,B_BATCH0165,K019
PL_BULK_0211,B_BATCH0367,K011
PL_BULK_0212,B_BATCH0095,K025
PL_BULK_0213,B_BATCH0079,K016
PL_BULK_0214,B_BATCH0261,K015
PL_BULK_0215,B_BATCH0253,K010
PL_BULK_0216,B_BATCH0252,K001
PL_BULK_0217,B_BATCH0044,K013
PL_BULK_0218,B_BATCH0256,K015
PL_BULK_0219,B_BATCH0121,K007
PL_BULK_0220,B_BATCH0296,K012
PL_BULK_0221,B_BATCH0022,K002
PL_BULK_0222,B_BATCH0142,K016
PL_BULK_0223,B_BATCH0303,K021
PL_BULK_0224,B_BATCH0342,K016
PL_BULK_0225,B_BATCH0144,K018
PL_BULK_0226,B_BATCH0002,K004
PL_BULK_0227,B_BATCH0218,K005
PL_BULK_0228,B_BATCH0133,K024
PL_BULK_0229,B_BATCH0185,K025
PL_BULK_0230,B_BATCH0204,K012
PL_BULK_0231,B_BATCH0021,K013
PL_BULK_0232,B_BATCH0024,K019
PL_BULK_0233,B_BATCH0285,K007
PL_BULK_0234,B_BATCH0183,K018
PL_BULK_0235,B_BATCH0145,K003
PL_BULK_0236,B_BATCH0195,K017
PL_BULK_0237,B_BATCH0228,K025
PL_BULK_0238,B_BATCH0279,K009
PL_BULK_0239,B_BATCH0317,K022
PL_BULK_0240,B_BATCH0310,K004
PL_BULK_0241,B_BATCH0063,K004
PL_BULK_0242,B_BATCH0199,K012
PL_BULK_0243,B_BATCH0171,K018
PL_BULK_0244,B_BATCH0185,K025
PL_BULK_0245,B_BATCH0071,K007
PL_BULK_0246,B_BATCH0306,K017
PL_BULK_0247,B_BATCH0203,K017
PL_BULK_0248,B_BATCH0018,K002
PL_BULK_0249,B_BATCH0017,K005
PL_BULK_0250,B_BATCH0363,K011
PL_BULK_0251,B_BATCH0240,K017
PL_BULK_0252,B_BATCH0231,K005
PL_BULK_0253,B_BATCH0308,K017
PL_BULK_0254,B_BATCH0069,K011
PL_BULK_0255,B_BATCH0311,K011
PL_BULK_0256,B_BATCH0081,K013
PL_BULK_0257,B_BATCH0313,K024
PL_BULK_0258,B_BATCH0151,K019
PL_BULK_0259,B_BATCH0170,K017
PL_BULK_0260,B_BATCH0258,K018
PL_BULK_0261,B_BATCH0248,K023
PL_BULK_0262,B_BATCH0286,K010
PL_BULK_0263,B_BATCH0241,K001
PL_BULK_0264,B_BATCH0186,K011
PL_BULK_0265,B_BATCH0342,K004
PL_BULK_0266,B_BATCH0211,K019
PL_BULK_0267,B_BATCH0155,K024
PL_BULK_0268,B_BATCH0350,K021
PL_BULK_0269,B_BATCH0011,K020
PL_BULK_0270,B_BATCH0240,K009
PL_BULK_0271,B_BATCH0333,K025
PL_BULK_0272,B_BATCH0294,K019
PL_BULK_0273,B_BATCH0114,K024
PL_BULK_0274,B_BATCH0024,K019
PL_BULK_0275,B_BATCH0243,K006
PL_BULK_0276,B_BATCH0266,K021
PL_BULK_0277,B_BATCH0367,K020
PL_BULK_0278,B_BATCH0394,K013
PL_BULK_0279,B_BATCH0073,K022
PL_BULK_0280,B_BATCH0122,K002
PL_BULK_0281,B_BATCH0291,K023
PL_BULK_0282,B_BATCH0054,K007
PL_BULK_0283,B_BATCH0007,K015
PL_BULK_0284,B_BATCH0158,K014
PL_BULK_0285,B_BATCH0075,K014
PL_BULK_0286,B_BATCH0351,K007
PL_BULK_0287,B_BATCH0208,K017
PL_BULK_0288,B_BATCH0394,K020
PL_BULK_0289,B_BATCH0239,K024
PL_BULK_0290,B_BATCH0370,K002
PL_BULK_0291,B_BATCH0359,K005
PL_BULK_0292,B_BATCH0263,K007
PL_BULK_0293,B_BATCH0285,K011
PL_BULK_0294,B_BATCH0337,K016
PL_BULK_0295,B_BATCH0267,K013
PL_BULK_0296,B_BATCH0158,K006
PL_BULK_0297,B_BATCH0233,K018
PL_BULK_0298,B_BATCH0173,K018
PL_BULK_0299,B_BATCH0179,K022
PL_BULK_0300,B_BATCH0393,K024
PL_BULK_0301,B_BATCH0346,K021
PL_BULK_0302,B_BATCH0352,K009
PL_BULK_0303,B_BATCH0310,K016
PL_BULK_0304,B_BATCH0096,K008
PL_BULK_0305,B_BATCH0140,K018
PL_BULK_0306,B_BATCH0150,K008
PL_BULK_0307,B_BATCH0150,K025
PL_BULK_0308,B_BATCH0145,K023
PL_BULK_0309,B_BATCH0104,K023
PL_BULK_0310,B_BATCH0358,K016
PL_BULK_0311,B_BATCH0160,K016
PL_BULK_0312,B_BATCH0176,K018
PL_BULK_0313,B_BATCH0367,K009
PL_BULK_0314,B_BATCH0145,K004
PL_BULK_0315,B_BATCH0291,K022
PL_BULK_0316,B_BATCH0276,K013
PL_BULK_0317,B_BATCH0200,K012
PL_BULK_0318,B_BATCH0393,K005
PL_BULK_0319,B_BATCH0146,K002
PL_BULK_0320,B_BATCH0145,K023
PL_BULK_0321,B_BATCH0038,K012
PL_BULK_0322,B_BATCH0224,K021
PL_BULK_0323,B_BATCH0129,K024
PL_BULK_0324,B_BATCH0243,K007
PL_BULK_0325,B_BATCH0101,K018
PL_BULK_0326,B_BATCH0136,K018
PL_BULK_0327,B_BATCH0354,K009
PL_BULK_0328,B_BATCH0068,K004
PL_BULK_0329,B_BATCH0313,K024
PL_BULK_0330,B_BATCH0298,K008
PL_BULK_0331,B_BATCH0122,K002
PL_BULK_0332,B_BATCH0340,K017
PL_BULK_0333,B_BATCH0113,K021
PL_BULK_0334,B_BATCH0117,K002
PL_BULK_0335,B_BATCH0049,K014
PL_BULK_0336,B_BATCH0167,K023
PL_BULK_0337,B_BATCH0239,K004
PL_BULK_0338,B_BATCH0346,K025
PL_BULK_0339,B_BATCH0068,K001
PL_BULK_0340,B_BATCH0279,K006
PL_BULK_0341,B_BATCH0206,K021
PL_BULK_0342,B_BATCH0241,K016
PL_BULK_0343,B_BATCH0331,K007
PL_BULK_0344,B_BATCH0385,K010
PL_BULK_0345,B_BATCH0162,K010
PL_BULK_0346,B_BATCH0328,K002
PL_BULK_0347,B_BATCH0391,K003
PL_BULK_0348,B_BATCH0331,K019
PL_BULK_0349,B_BATCH0116,K018
PL_BULK_0350,B_BATCH0376,K024
PL_BULK_0351,B_BATCH0017,K006
PL_BULK_0352,B_BATCH0211,K006
PL_BULK_0353,B_BATCH0016,K013
PL_BULK_0354,B_BATCH0251,K006
PL_BULK_0355,B_BATCH0381,K010
PL_BULK_0356,B_BATCH0017,K001
PL_BULK_0357,B_BATCH0150,K019
PL_BULK_0358,B_BATCH0306,K004
PL_BULK_0359,B_BATCH0169,K010
PL_BULK_0360,B_BATCH0230,K021
PL_BULK_0361,B_BATCH0276,K017
PL_BULK_0362,B_BATCH0250,K005
PL_BULK_0363,B_BATCH0256,K015
PL_BULK_0364,B_BATCH0137,K007
PL_BULK_0365,B_BATCH0055,K011
PL_BULK_0366,B_BATCH0081,K024
PL_BULK_0367,B_BATCH0232,K021
PL_BULK_0368,B_BATCH0129,K023
PL_BULK_0369,B_BATCH0093,K001
PL_BULK_0370,B_BATCH0375,K011
PL_BULK_0371,B_BATCH0149,K019
PL_BULK_0372,B_BATCH0343,K025
PL_BULK_0373,B_BATCH0096,K006
PL_BULK_0374,B_BATCH0310,K021
PL_BULK_0375,B_BATCH0205,K014
PL_BULK_0376,B_BATCH0261,K011
PL_BULK_0377,B_BATCH0042,K013
PL_BULK_0378,B_BATCH0340,K004
PL_BULK_0379,B_BATCH0092,K005
PL_BULK_0380,B_BATCH0242,K011
PL_BULK_0381,B_BATCH0125,K001
PL_BULK_0382,B_BATCH0131,K013
PL_BULK_0383,B_BATCH0118,K015
PL_BULK_0384,B_BATCH0383,K009
PL_BULK_0385,B_BATCH0166,K010
PL_BULK_0386,B_BATCH0296,K024
PL_BULK_0387,B_BATCH0291,K001
PL_BULK_0388,B_BATCH0131,K021
PL_BULK_0389,B_BATCH0182,K023
PL_BULK_0390,B_BATCH0118,K002
PL_BULK_0391,B_BATCH0339,K004
PL_BULK_0392,B_BATCH0236,K010
PL_BULK_0393,B_BATCH0079,K013
PL_BULK_0394,B_BATCH0349,K017
PL_BULK_0395,B_BATCH0358,K025
PL_BULK_0396,B_BATCH0157,K023
PL_BULK_0397,B_BATCH0058,K021
PL_BULK_0398,B_BATCH0149,K012
PL_BULK_0399,B_BATCH0312,K008
PL_BULK_0400,B_BATCH0110,K005
PL_BULK_0401,B_BATCH0242,K005
PL_BULK_0402,B_BATCH0230,K024
PL_BULK_0403,B_BATCH0308,K012
PL_BULK_0404,B_BATCH0210,K023
PL_BULK_0405,B_BATCH0279,K016
PL_BULK_0406,B_BATCH0385,K018
PL_BULK_0407,B_BATCH0338,K007
PL_BULK_0408,B_BATCH0388,K008
PL_BULK_0409,B_BATCH0346,K025
PL_BULK_0410,B_BATCH0303,K003
PL_BULK_0411,B_BATCH0267,K015
PL_BULK_0412,B_BATCH0268,K023
PL_BULK_0413,B_BATCH0183,K003
PL_BULK_0414,B_BATCH0286,K004
PL_BULK_0415,B_BATCH0029,K018
PL_BULK_0416,B_BATCH0256,K007
PL_BULK_0417,B_BATCH0291,K018
PL_BULK_0418,B_BATCH0074,K006
PL_BULK_0419,B_BATCH0165,K017
PL_BULK_0420,B_BATCH0224,K004
PL_BULK_0421,B_BATCH0346,K007
PL_BULK_0422,B_BATCH0365,K019
PL_BULK_0423,B_BATCH0248,K003
PL_BULK_0424,B_BATCH0259,K015
PL_BULK_0425,B_BATCH0026,K015
PL_BULK_0426,B_BATCH0065,K017
PL_BULK_0427,B_BATCH0210,K015
PL_BULK_0428,B_BATCH0286,K002
PL_BULK_0429,B_BATCH0284,K015
PL_BULK_0430,B_BATCH0342,K010
PL_BULK_0431,B_BATCH0368,K001
PL_BULK_0432,B_BATCH0200,K009
PL_BULK_0433,B_MILK774,K024
PL_BULK_0434,B_BATCH0109,K019
PL_BULK_0435,B_BATCH0035,K002
PL_BULK_0436,B_BATCH0214,K012
PL_BULK_0437,B_BATCH0356,K003
PL_BULK_0438,B_BATCH0275,K002
PL_BULK_0439,B_BATCH0033,K016
PL_BULK_0440,B_BATCH0014,K010
PL_BULK_0441,B_BATCH0207,K006
PL_BULK_0442,B_BATCH0391,K005
PL_BULK_0443,B_BATCH0390,K021
PL_BULK_0444,B_BATCH0371,K021
PL_BULK_0445,B_BATCH0213,K012
PL_BULK_0446,B_BATCH0193,K015
PL_BULK_0447,B_BATCH0191,K013
PL_BULK_0448,B_BATCH0039,K022
PL_BULK_0449,B_BATCH0336,K018
PL_BULK_0450,B_BATCH0066,K021
PL_BULK_0451,B_BATCH0176,K004
PL_BULK_0452,B_BATCH0089,K018
PL_BULK_0453,B_BATCH0199,K017
PL_BULK_0454,B_BATCH0063,K024
PL_BULK_0455,B_BATCH0112,K001
PL_BULK_0456,B_BATCH0385,K001
PL_BULK_0457,B_BATCH0150,K015
PL_BULK_0458,B_BATCH0342,K024
PL_BULK_0459,B_BATCH0276,K014
PL_BULK_0460,B_BATCH0270,K013
PL_BULK_0461,B_BATCH0115,K008
PL_BULK_0462,B_BATCH0233,K012
PL_BULK_0463,B_BATCH0077,K009
PL_BULK_0464,B_BATCH0094,K024
PL_BULK_0465,B_BATCH0389,K004
PL_BULK_0466,B_BATCH0014,K022
PL_BULK_0467,B_BATCH0212,K020
PL_BULK_0468,B_BATCH0390,K001
PL_BULK_0469,B_BATCH0121,K007
PL_BULK_0470,B_BATCH0032,K004
PL_BULK_0471,B_BATCH0302,K002
PL_BULK_0472,B_BATCH0226,K020
PL_BULK_0473,B_BATCH0342,K023
PL_BULK_0474,B_BATCH0022,K008
PL_BULK_0475,B_BATCH0377,K002
PL_BULK_0476,B_BATCH0203,K015
PL_BULK_0477,B_BATCH0117,K018
PL_BULK_0478,B_BATCH0109,K025
PL_BULK_0479,B_BATCH0395,K002
PL_BULK_0480,B_BATCH0069,K017
PL_BULK_0481,B_BATCH0146,K008
PL_BULK_0482,B_BATCH0372,K019
PL_BULK_0483,B_BATCH0161,K019
PL_BULK_0484,B_BATCH0304,K025
PL_BULK_0485,B_BATCH0342,K011
PL_BULK_0486,B_BATCH0119,K010
PL_BULK_0487,B_BATCH0071,K022
PL_BULK_0488,B_BATCH0264,K008
PL_BULK_0489,B_BATCH0209,K010
PL_BULK_0490,B_BATCH0138,K002
PL_BULK_0491,B_BATCH0283,K019
PL_BULK_0492,B_BATCH0374,K006
PL_BULK_0493,B_BATCH0318,K022
PL_BULK_0494,B_BATCH0216,K018
PL_BULK_0495,B_BATCH0251,K002
PL_BULK_0496,B_BATCH0174,K021
PL_BULK_0497,B_BATCH0341,K013
PL_BULK_0498,B_BATCH0266,K011
PL_BULK_0499,B_BATCH0354,K014
PL_BULK_0500,B_BATCH0207,K005
PL_BULK_0501,B_BATCH0151,K013
PL_BULK_0502,B_BATCH0092,K025
PL_BULK_0503,B_BATCH0273,K016
PL_BULK_0504,B_BATCH0121,K008
PL_BULK_0505,B_BATCH0151,K023
PL_BULK_0506,B_BATCH0071,K015
PL_BULK_0507,B_BATCH0027,K018
PL_BULK_0508,B_BATCH0209,K014
PL_BULK_0509,B_BATCH0283,K017
PL_BULK_0510,B_BATCH0066,K013
PL_BULK_0511,B_BATCH0122,K009
PL_BULK_0512,B_BATCH0102,K011
PL_BULK_0513,B_BATCH0329,K003
PL_BULK_0514,B_BATCH0228,K012
PL_BULK_0515,B_BATCH0045,K018
PL_BULK_0516,B_BATCH0368,K007
PL_BULK_0517,B_BATCH0024,K009
PL_BULK_0518,B_BATCH0191,K022
PL_BULK_0519,B_BATCH0307,K020
PL_BULK_0520,B_BATCH0018,K003
PL_BULK_0521,B_BATCH0094,K025
PL_BULK_0522,B_BATCH0298,K024
PL_BULK_0523,B_BATCH0341,K018
PL_BULK_0524,B_BATCH0109,K016
PL_BULK_0525,B_BATCH0104,K011
PL_BULK_0526,B_BATCH0153,K001
PL_BULK_0527,B_BATCH0106,K007
PL_BULK_0528,B_BATCH0377,K004
PL_BULK_0529,B_BATCH0380,K025
PL_BULK_0530,B_BATCH0243,K008
PL_BULK_0531,B_BATCH0354,K020
PL_BULK_0532,B_BATCH0358,K007
PL_BULK_0533,B_BATCH0201,K008
PL_BULK_0534,B_BATCH0280,K011
PL_BULK_0535,B_BATCH0395,K010
PL_BULK_0536,B_BATCH0192,K015
PL_BULK_0537,B_BATCH0271,K021
PL_BULK_0538,B_BATCH0181,K010
PL_BULK_0539,B_BATCH0131,K012
PL_BULK_0540,B_BATCH0260,K016
PL_BULK_0541,B_BATCH0236,K004
PL_BULK_0542,B_BATCH0367,K016
PL_BULK_0543,B_BATCH0387,K011
PL_BULK_0544,B_BATCH0102,K012
PL_BULK_0545,B_BATCH0158,K014
PL_BULK_0546,B_BATCH0021,K019
PL_BULK_0547,B_BATCH0111,K024
PL_BULK_0548,B_BATCH0072,K001
PL_BULK_0549,B_BATCH0131,K018
PL_BULK_0550,B_BATCH0297,K019
PL_BULK_0551,B_BATCH0366,K014
PL_BULK_0552,B_BATCH0149,K005
PL_BULK_0553,B_BATCH0098,K011
PL_BULK_0554,B_BATCH0115,K013
PL_BULK_0555,B_BATCH0289,K008
PL_BULK_0556,B_BATCH0253,K018
PL_BULK_0557,B_BATCH0333,K022
PL_BULK_0558,B_BATCH0170,K009
PL_BULK_0559,B_BATCH0388,K016
PL_BULK_0560,B_BATCH0368,K021
PL_BULK_0561,B_BATCH0376,K016
PL_BULK_0562,B_BATCH0233,K006
PL_BULK_0563,B_BATCH0373,K012
PL_BULK_0564,B_BATCH0084,K005
PL_BULK_0565,B_BATCH0366,K018
PL_BULK_0566,B_BATCH0248,K006
PL_BULK_0567,B_BATCH0275,K021
PL_BULK_0568,B_BATCH0028,K017
PL_BULK_0569,B_BATCH0015,K003
PL_BULK_0570,B_BATCH0340,K002
PL_BULK_0571,B_BATCH0389,K001
PL_BULK_0572,B_BATCH0209,K005
PL_BULK_0573,B_BATCH0320,K008
PL_BULK_0574,B_BATCH0032,K023
PL_BULK_0575,B_BATCH0075,K001
PL_BULK_0576,B_BATCH0109,K017
PL_BULK_0577,B_BATCH0231,K012
PL_BULK_0578,B_BATCH0028,K020
PL_BULK_0579,B_BATCH0324,K022
PL_BULK_0580,B_BATCH0313,K016
PL_BULK_0581,B_BATCH0335,K016
PL_BULK_0582,B_BATCH0006,K001
PL_BULK_0583,B_BATCH0270,K018
PL_BULK_0584,B_BATCH0208,K001
PL_BULK_0585,B_BATCH0006,K017
PL_BULK_0586,B_BATCH0367,K009
PL_BULK_0587,B_BATCH0272,K010
PL_BULK_0588,B_BATCH0006,K017
PL_BULK_0589,B_BATCH0355,K022
PL_BULK_0590,B_BATCH0218,K006
PL_BULK_0591,B_BATCH0052,K004
PL_BULK_0592,B_BATCH0266,K005
PL_BULK_0593,B_BATCH0121,K007
PL_BULK_0594,B_BATCH0315,K017
PL_BULK_0595,B_BATCH0127,K012
PL_BULK_0596,B_BATCH0134,K013
PL_BULK_0597,B_BATCH0038,K012
PL_BULK_0598,B_BATCH0205,K015
PL_BULK_0599,B_BATCH0287,K008
PL_BULK_0600,B_BATCH0354,K008
PL_BULK_0601,B_BATCH0151,K022
PL_BULK_0602,B_BATCH0039,K021
PL_BULK_0603,B_BATCH0330,K025
PL_BULK_0604,B_BATCH0014,K003
PL_BULK_0605,B_BATCH0205,K013
PL_BULK_0606,B_BATCH0191,K018
PL_BULK_0607,B_BATCH0241,K002
PL_BULK_0608,B_BATCH0324,K001
PL_BULK_0609,B_BATCH0357,K006
PL_BULK_0610,B_BATCH0040,K016
PL_BULK_0611,B_BATCH0220,K021
PL_BULK_0612,B_BATCH0167,K019
PL_BULK_0613,B_BATCH0046,K017
PL_BULK_0614,B_BATCH0019,K008
PL_BULK_0615,B_BATCH0106,K023
PL_BULK_0616,B_BATCH0288,K016
PL_BULK_0617,B_BATCH0136,K002
PL_BULK_0618,B_BATCH0036,K022
PL_BULK_0619,B_BATCH0141,K018
PL_BULK_0620,B_BATCH0286,K022
PL_BULK_0621,B_BATCH0014,K006
PL_BULK_0622,B_BATCH0159,K001
PL_BULK_0623,B_BATCH0104,K019
PL_BULK_0624,B_BATCH0071,K025
PL_BULK_0625,B_BATCH0362,K013
PL_BULK_0626,B_BATCH0037,K010
PL_BULK_0627,B_BATCH0081,K019
PL_BULK_0628,B_BATCH0121,K019
PL_BULK_0629,B_BATCH0197,K022
PL_BULK_0630,B_BATCH0274,K011
PL_BULK_0631,B_BATCH0194,K025
PL_BULK_0632,B_BATCH0376,K005
PL_BULK_0633,B_BATCH0350,K024
PL_BULK_0634,B_BATCH0038,K017
PL_BULK_0635,B_BATCH0379,K012
PL_BULK_0636,B_BATCH0025,K004
PL_BULK_0637,B_BATCH0221,K008
PL_BULK_0638,B_BATCH0036,K011
PL_BULK_0639,B_BATCH0307,K025
PL_BULK_0640,B_BATCH0312,K020
PL_BULK_0641,B_BATCH0201,K025
PL_BULK_0642,B_BATCH0165,K001
PL_BULK_0643,B_BATCH0322,K009
PL_BULK_0644,B_BATCH0228,K016
PL_BULK_0645,B_BATCH0114,K012
PL_BULK_0646,B_BATCH0281,K013
PL_BULK_0647,B_BATCH0219,K006
PL_BULK_0648,B_BATCH0346,K019
PL_BULK_0649,B_BATCH0336,K013
PL_BULK_0650,B_BATCH0041,K025
PL_BULK_0651,B_BATCH0314,K010
PL_BULK_0652,B_BATCH0124,K023
PL_BULK_0653,B_BATCH0035,K003
PL_BULK_0654,B_BATCH0135,K005
PL_BULK_0655,B_BATCH0192,K023
PL_BULK_0656,B_BATCH0322,K005
PL_BULK_0657,B_BATCH0376,K013
PL_BULK_0658,B_BATCH0160,K012
PL_BULK_0659,B_BATCH0052,K003
PL_BULK_0660,B_BATCH0000,K010
PL_BULK_0661,B_BATCH0225,K012
PL_BULK_0662,B_BATCH0387,K009
PL_BULK_0663,B_BATCH0050,K005
PL_BULK_0664,B_BATCH0042,K006
PL_BULK_0665,B_BATCH0218,K015
PL_BULK_0666,B_BATCH0283,K018
PL_BULK_0667,B_BATCH0260,K014
PL_BULK_0668,B_BATCH0050,K001
PL_BULK_0669,B_BATCH0043,K012
PL_BULK_0670,B_BATCH0281,K003
PL_BULK_0671,B_BATCH0303,K020
PL_BULK_0672,B_BATCH0164,K013
PL_BULK_0673,B_BATCH0004,K010
PL_BULK_0674,B_BATCH0209,K013
PL_BULK_0675,B_BATCH0396,K003
PL_BULK_0676,B_BATCH0369,K018
PL_BULK_0677,B_BATCH0122,K019
PL_BULK_0678,B_BATCH0264,K006
PL_BULK_0679,B_BATCH0348,K013
PL_BULK_0680,B_BATCH0084,K005
PL_BULK_0681,B_BATCH0135,K010
PL_BULK_0682,B_BATCH0135,K016
PL_BULK_0683,B_BATCH0072,K003
PL_BULK_0684,B_BATCH0083,K014
PL_BULK_0685,B_BATCH0139,K014
PL_BULK_0686,B_BATCH0151,K016
PL_BULK_0687,B_BATCH0037,K012
PL_BULK_0688,B_BATCH0126,K008
PL_BULK_0689,B_BATCH0367,K021
PL_BULK_0690,B_BATCH0251,K020
PL_BULK_0691,B_BATCH0313,K007
PL_BULK_0692,B_BATCH0232,K004
PL_BULK_0693,B_BATCH0067,K010
PL_BULK_0694,B_BATCH0001,K013
PL_BULK_0695,B_BATCH0168,K020
PL_BULK_0696,B_BATCH0192,K011
PL_BULK_0697,B_BATCH0223,K011
PL_BULK_0698,B_BATCH0218,K021
PL_BULK_0699,B_BATCH0302,K005
PL_BULK_0700,B_BATCH0151,K011
PL_BULK_0701,B_BATCH0306,K023
PL_BULK_0702,B_BATCH0100,K016
PL_BULK_0703,B_BATCH0158,K006
PL_BULK_0704,B_BATCH0201,K011
PL_BULK_0705,B_BATCH0147,K024
PL_BULK_0706,B_BATCH0353,K021
PL_BULK_0707,B_BATCH0249,K019
PL_BULK_0708,B_BATCH0122,K011
PL_BULK_0709,B_BATCH0190,K009
PL_BULK_0710,B_BATCH0199,K012
PL_BULK_0711,B_BATCH0056,K019
PL_BULK_0712,B_BATCH0100,K019
PL_BULK_0713,B_BATCH0277,K006
PL_BULK_0714,B_BATCH0347,K025
PL_BULK_0715,B_BATCH0279,K001
PL_BULK_0716,B_BATCH0370,K015
PL_BULK_0717,B_BATCH0360,K007
PL_BULK_0718,B_BATCH0222,K010
PL_BULK_0719,B_BATCH0352,K003
PL_BULK_0720,B_BATCH0207,K022
PL_BULK_0721,B_BATCH0253,K005
PL_BULK_0722,B_BATCH0322,K010
PL_BULK_0723,B_BATCH0121,K009
PL_BULK_0724,B_BATCH0335,K005
PL_BULK_0725,B_BATCH0364,K014
PL_BULK_0726,B_BATCH0191,K003
PL_BULK_0727,B_BATCH0227,K020
PL_BULK_0728,B_BATCH0243,K019
PL_BULK_0729,B_BATCH0203,K018
PL_BULK_0730,B_BATCH0257,K023
PL_BULK_0731,B_BATCH0212,K018
PL_BULK_0732,B_BATCH0016,K012
PL_BULK_0733,B_BATCH0357,K018
PL_BULK_0734,B_BATCH0302,K021
PL_BULK_0735,B_BATCH0041,K004
PL_BULK_0736,B_BATCH0391,K008
PL_BULK_0737,B_BATCH0334,K022
PL_BULK_0738,B_BATCH0179,K006
PL_BULK_0739,B_BATCH0329,K020
PL_BULK_0740,B_BATCH0020,K019
PL_BULK_0741,B_BATCH0328,K022
PL_BULK_0742,B_BATCH0329,K013
PL_BULK_0743,B_BATCH0383,K011
PL_BULK_0744,B_BATCH0218,K004
PL_BULK_0745,B_BATCH0003,K004
PL_BULK_0746,B_BATCH0130,K008
PL_BULK_0747,B_BATCH0259,K024
PL_BULK_0748,B_BATCH0263,K018
PL_BULK_0749,B_BATCH0295,K023
PL_BULK_0750,B_BATCH0292,K008
PL_BULK_0751,B_BATCH0226,K012
PL_BULK_0752,B_BATCH0198,K015
PL_BULK_0753,B_BATCH0393,K022
PL_BULK_0754,B_BATCH0299,K023
PL_BULK_0755,B_BATCH0254,K005
PL_BULK_0756,B_BATCH0174,K001
PL_BULK_0757,B_BATCH0245,K004
PL_BULK_0758,B_BATCH0149,K014
PL_BULK_0759,B_BATCH0041,K004
PL_BULK_0760,B_BATCH0371,K005
PL_BULK_0761,B_BATCH0176,K010
PL_BULK_0762,B_BATCH0173,K015
PL_BULK_0763,B_BATCH0103,K017
PL_BULK_0764,B_BATCH0245,K012
PL_BULK_0765,B_BATCH0241,K004
PL_BULK_0766,B_BATCH0222,K024
PL_BULK_0767,B_BATCH0354,K015
PL_BULK_0768,B_BATCH0161,K003
PL_BULK_0769,B_BATCH0151,K002
PL_BULK_0770,B_BATCH0361,K004
PL_BULK_0771,B_BATCH0009,K011
PL_BULK_0772,B_BATCH0329,K004
PL_BULK_0773,B_BATCH0344,K006
PL_BULK_0774,B_BATCH0377,K008
PL_BULK_0775,B_BATCH0262,K006
PL_BULK_0776,B_BATCH0280,K006
PL_BULK_0777,B_BATCH0167,K018
PL_BULK_0778,B_BATCH0216,K015
PL_BULK_0779,B_BATCH0116,K013
PL_BULK_0780,B_BATCH0320,K006
PL_BULK_0781,B_BATCH0093,K021
PL_BULK_0782,B_BATCH0334,K014
PL_BULK_0783,B_BATCH0200,K001
PL_BULK_0784,B_BATCH0375,K020
PL_BULK_0785,B_BATCH0099,K015
PL_BULK_0786,B_BATCH0301,K014
PL_BULK_0787,B_BATCH0197,K001
PL_BULK_0788,B_BATCH0358,K007
PL_BULK_0789,B_BATCH0103,K009
PL_BULK_0790,B_BATCH0383,K023
PL_BULK_0791,B_BATCH0030,K019
PL_BULK_0792,B_BATCH0050,K018
PL_BULK_0793,B_BATCH0093,K012
PL_BULK_0794,B_BATCH0164,K007
PL_BULK_0795,B_BATCH0232,K004
PL_BULK_0796,B_BATCH0132,K022
PL_BULK_0797,B_BATCH0248,K017
PL_BULK_0798,B_BATCH0325,K011
PL_BULK_0799,B_BATCH0303,K013
PL_BULK_0800,B_BATCH0310,K013
PL_BULK_0801,B_BATCH0298,K004
PL_BULK_0802,B_BATCH0176,K012
PL_BULK_0803,B_BATCH0232,K020
PL_BULK_0804,B_BATCH0086,K022
PL_BULK_0805,B_BATCH0359,K010
PL_BULK_0806,B_BATCH0312,K019
PL_BULK_0807,B_BATCH0041,K022
PL_BULK_0808,B_BATCH0066,K011
PL_BULK_0809,B_BATCH0058,K008
PL_BULK_0810,B_BATCH0154,K004
PL_BULK_0811,B_BATCH0091,K012
PL_BULK_0812,B_BATCH0353,K005
PL_BULK_0813,B_BATCH0259,K013
PL_BULK_0814,B_BATCH0212,K020
PL_BULK_0815,B_BATCH0068,K019
PL_BULK_0816,B_BATCH0194,K014
PL_BULK_0817,B_BATCH0093,K016
PL_BULK_0818,B_BATCH0323,K018
PL_BULK_0819,B_BATCH0353,K021
PL_BULK_0820,B_BATCH0086,K018
PL_BULK_0821,B_BATCH0083,K016
PL_BULK_0822,B_BATCH0145,K005
PL_BULK_0823,B_BATCH0093,K011
PL_BULK_0824,B_BATCH0228,K020
PL_BULK_0825,B_BATCH0025,K012
PL_BULK_0826,B_BATCH0002,K016
PL_BULK_0827,B_BATCH0067,K007
PL_BULK_0828,B_BATCH0194,K018
PL_BULK_0829,B_BATCH0256,K021
PL_BULK_0830,B_BATCH0251,K014
PL_BULK_0831,B_BATCH0348,K016
PL_BULK_0832,B_BATCH0210,K023
PL_BULK_0833,B_BATCH0225,K016
PL_BULK_0834,B_BATCH0083,K003
PL_BULK_0835,B_BATCH0287,K001
PL_BULK_0836,B_BATCH0387,K008
PL_BULK_0837,B_BATCH0147,K002
PL_BULK_0838,B_BATCH0138,K008
PL_BULK_0839,B_BATCH0273,K010
PL_BULK_0840,B_BATCH0084,K025
PL_BULK_0841,B_BATCH0232,K019
PL_BULK_0842,B_BATCH0378,K025
PL_BULK_0843,B_BATCH0390,K016
PL_BULK_0844,B_BATCH0279,K017
PL_BULK_0845,B_BATCH0055,K019
PL_BULK_0846,B_BATCH0056,K009
PL_BULK_0847,B_BATCH0394,K018
PL_BULK_0848,B_BATCH0185,K018
PL_BULK_0849,B_BATCH0385,K002
PL_BULK_0850,B_BATCH0387,K024
PL_BULK_0851,B_BATCH0223,K018
PL_BULK_0852,B_BATCH0109,K014
PL_BULK_0853,B_BATCH0050,K024
PL_BULK_0854,B_BATCH0332,K025
PL_BULK_0855,B_BATCH0124,K010
PL_BULK_0856,B_BATCH0014,K015
PL_BULK_0857,B_BATCH0132,K012
PL_BULK_0858,B_BATCH0042,K015
PL_BULK_0859,B_BATCH0058,K025
PL_BULK_0860,B_BATCH0119,K007
PL_BULK_0861,B_BATCH0375,K019
PL_BULK_0862,B_BATCH0350,K012
PL_BULK_0863,B_BATCH0361,K020
PL_BULK_0864,B_BATCH0321,K014
PL_BULK_0865,B_BATCH0082,K020
PL_BULK_0866,B_BATCH0069,K007
PL_BULK_0867,B_BATCH0103,K002
PL_BULK_0868,B_BATCH0289,K012
PL_BULK_0869,B_BATCH0270,K009
PL_BULK_0870,B_BATCH0303,K018
PL_BULK_0871,B_BATCH0084,K011
PL_BULK_0872,B_BATCH0358,K010
PL_BULK_0873,B_BATCH0146,K019
PL_BULK_0874,B_BATCH0134,K017
PL_BULK_0875,B_BATCH0345,K004
PL_BULK_0876,B_BATCH0067,K025
PL_BULK_0877,B_BATCH0208,K002
PL_BULK_0878,B_BATCH0139,K021
PL_BULK_0879,B_BATCH0062,K023
PL_BULK_0880,B_BATCH0065,K008
PL_BULK_0881,B_BATCH0072,K023
PL_BULK_0882,B_BATCH0162,K008
PL_BULK_0883,B_BATCH0387,K022
PL_BULK_0884,B_BATCH0199,K016
PL_BULK_0885,B_BATCH0070,K019
PL_BULK_0886,B_BATCH0321,K009
PL_BULK_0887,B_BATCH0319,K014
PL_BULK_0888,B_BATCH0190,K015
PL_BULK_0889,B_BATCH0036,K021
PL_BULK_0890,B_BATCH0391,K003
PL_BULK_0891,B_BATCH0204,K017
PL_BULK_0892,B_BATCH0381,K009
PL_BULK_0893,B_BATCH0353,K012
PL_BULK_0894,B_BATCH0230,K016
PL_BULK_0895,B_BATCH0165,K019
PL_BULK_0896,B_MILK774,K025
PL_BULK_0897,B_BATCH0373,K003
PL_BULK_0898,B_BATCH0372,K015
PL_BULK_0899,B_BATCH0323,K022
PL_BULK_0900,B_BATCH0355,K012
PL_BULK_0901,B_BATCH0030,K018
PL_BULK_0902,B_BATCH0201,K007
PL_BULK_0903,B_BATCH0217,K007
PL_BULK_0904,B_BATCH0251,K009
PL_BULK_0905,B_BATCH0163,K010
PL_BULK_0906,B_BATCH0170,K018
PL_BULK_0907,B_BATCH0293,K005
PL_BULK_0908,B_BATCH0287,K016
PL_BULK_0909,B_BATCH0173,K022
PL_BULK_0910,B_BATCH0388,K002
PL_BULK_0911,B_BATCH0021,K004
PL_BULK_0912,B_BATCH0318,K015
PL_BULK_0913,B_BATCH0006,K004
PL_BULK_0914,B_BATCH0078,K015
PL_BULK_0915,B_BATCH0231,K001
PL_BULK_0916,B_BATCH0217,K007
PL_BULK_0917,B_BATCH0350,K005
PL_BULK_0918,B_BATCH0330,K010
PL_BULK_0919,B_BATCH0079,K009
PL_BULK_0920,B_BATCH0045,K021
PL_BULK_0921,B_BATCH0182,K009
PL_BULK_0922,B_BATCH0040,K012
PL_BULK_0923,B_BATCH0338,K021
PL_BULK_0924,B_BATCH0082,K002
PL_BULK_0925,B_BATCH0200,K021
PL_BULK_0926,B_BATCH0154,K024
PL_BULK_0927,B_BATCH0356,K025
PL_BULK_0928,B_BATCH0117,K014
PL_BULK_0929,B_BATCH0333,K003
PL_BULK_0930,B_BATCH0358,K004
PL_BULK_0931,B_VEG9182,K007
PL_BULK_0932,B_BATCH0242,K003
PL_BULK_0933,B_BATCH0065,K019
PL_BULK_0934,B_BATCH0113,K017
PL_BULK_0935,B_BATCH0346,K015
PL_BULK_0936,B_BATCH0002,K001
PL_BULK_0937,B_BATCH0354,K011
PL_BULK_0938,B_BATCH0059,K014
PL_BULK_0939,B_BATCH0353,K005
PL_BULK_0940,B_BATCH0242,K003
PL_BULK_0941,B_BATCH0115,K013
PL_BULK_0942,B_BATCH0043,K024
PL_BULK_0943,B_BATCH0050,K004
PL_BULK_0944,B_BATCH0158,K012
PL_BULK_0945,B_BATCH0151,K005
PL_BULK_0946,B_BATCH0193,K025
PL_BULK_0947,B_BATCH0383,K005
PL_BULK_0948,B_BATCH0326,K022
PL_BULK_0949,B_BATCH0071,K003
PL_BULK_0950,B_BATCH0269,K019
PL_BULK_0951,B_BATCH0002,K020
PL_BULK_0952,B_BATCH0330,K006
PL_BULK_0953,B_BATCH0223,K012
PL_BULK_0954,B_BATCH0367,K007
PL_BULK_0955,B_BATCH0319,K024
PL_BULK_0956,B_BATCH0075,K014
PL_BULK_0957,B_BATCH0313,K022
PL_BULK_0958,B_BATCH0224,K007
PL_BULK_0959,B_BATCH0042,K004
PL_BULK_0960,B_BATCH0069,K025
PL_BULK_0961,B_BATCH0061,K019
PL_BULK_0962,B_BATCH0371,K013
PL_BULK_0963,B_BATCH0177,K014
PL_BULK_0964,B_BATCH0159,K005
PL_BULK_0965,B_BATCH0124,K009
PL_BULK_0966,B_BATCH0328,K003
PL_BULK_0967,B_BATCH0125,K018
PL_BULK_0968,B_BATCH0305,K020
PL_BULK_0969,B_BATCH0367,K020
PL_BULK_0970,B_BATCH0143,K025
PL_BULK_0971,B_BATCH0351,K001
PL_BULK_0972,B_BATCH0335,K010
PL_BULK_0973,B_BATCH0103,K017
PL_BULK_0974,B_BATCH0308,K017
PL_BULK_0975,B_BATCH0094,K024
PL_BULK_0976,B_BATCH0198,K010
PL_BULK_0977,B_BATCH0328,K002
PL_BULK_0978,B_BATCH0120,K016
PL_BULK_0979,B_BATCH0195,K004
PL_BULK_0980,B_BATCH0121,K016
PL_BULK_0981,B_BATCH0324,K020
PL_BULK_0982,B_BATCH0034,K017
PL_BULK_0983,B_BATCH0004,K012
PL_BULK_0984,B_BATCH0160,K005
PL_BULK_0985,B_BATCH0196,K019
PL_BULK_0986,B_BATCH0213,K012
PL_BULK_0987,B_BATCH0277,K022
PL_BULK_0988,B_BATCH0086,K025
PL_BULK_0989,B_BATCH0239,K025
PL_BULK_0990,B_BATCH0035,K001
PL_BULK_0991,B_BATCH0298,K003
PL_BULK_0992,B_BATCH0005,K009
PL_BULK_0993,B_BATCH0108,K002
PL_BULK_0994,B_BATCH0028,K013
PL_BULK_0995,B_BATCH0257,K010
PL_BULK_0996,B_BATCH0319,K023
PL_BULK_0997,B_BATCH0254,K025
PL_BULK_0998,B_BATCH0210,K014
PL_BULK_0999,B_BATCH0357,K013
PL_BULK_1000,B_BATCH0040,K021
PL_BULK_1001,B_BATCH0272,K018
PL_BULK_1002,B_BATCH0313,K005
PL_BULK_1003,B_BATCH0140,K003
PL_BULK_1004,B_BATCH0156,K003
PL_BULK_1005,B_BATCH0259,K007
PL_BULK_1006,B_BATCH0077,K018
PL_BULK_1007,B_BATCH0165,K013
PL_BULK_1008,B_BATCH0298,K021
PL_BULK_1009,B_BATCH0388,K021
PL_BULK_1010,B_BATCH0346,K021
PL_BULK_1011,B_BATCH0031,K010
PL_BULK_1012,B_BATCH0355,K014
PL_BULK_1013,B_BATCH0371,K008
PL_BULK_1014,B_BATCH0027,K008
PL_BULK_1015,B_BATCH0042,K014
PL_BULK_1016,B_BATCH0057,K015
PL_BULK_1017,B_BATCH0311,K020
PL_BULK_1018,B_BATCH0026,K010
PL_BULK_1019,B_BATCH0339,K024
PL_BULK_1020,B_BATCH0334,K024
PL_BULK_1021,B_BATCH0087,K004
PL_BULK_1022,B_BATCH0004,K023
PL_BULK_1023,B_BATCH0068,K023
PL_BULK_1024,B_BATCH0003,K006
PL_BULK_1025,B_BATCH0252,K012
PL_BULK_1026,B_BATCH0265,K017
PL_BULK_1027,B_BATCH0367,K009
PL_BULK_1028,B_BATCH0083,K012
PL_BULK_1029,B_BATCH0062,K024
PL_BULK_1030,B_BATCH0135,K024
PL_BULK_1031,B_BATCH0058,K025
PL_BULK_1032,B_BATCH0013,K011
PL_BULK_1033,B_BATCH0217,K009
PL_BULK_1034,B_BATCH0266,K003
PL_BULK_1035,B_BATCH0132,K023
PL_BULK_1036,B_BATCH0293,K021
PL_BULK_1037,B_BATCH0037,K016
PL_BULK_1038,B_BATCH0231,K017
PL_BULK_1039,B_BATCH0182,K002
PL_BULK_1040,B_BATCH0253,K019
PL_BULK_1041,B_BATCH0083,K012
PL_BULK_1042,B_BATCH0078,K009
PL_BULK_1043,B_BATCH0393,K004
PL_BULK_1044,B_BATCH0291,K022
PL_BULK_1045,B_BATCH0368,K004
PL_BULK_1046,B_BATCH0114,K024
PL_BULK_1047,B_BATCH0258,K001
PL_BULK_1048,B_BATCH0020,K001
PL_BULK_1049,B_BATCH0123,K002
PL_BULK_1050,B_BATCH0239,K012
PL_BULK_1051,B_BATCH0194,K005
PL_BULK_1052,B_BATCH0089,K002
PL_BULK_1053,B_BATCH0281,K023
PL_BULK_1054,B_BATCH0377,K021
PL_BULK_1055,B_BATCH0212,K008
PL_BULK_1056,B_BATCH0162,K008
PL_BULK_1057,B_BATCH0211,K024
PL_BULK_1058,B_BATCH0161,K009
PL_BULK_1059,B_BATCH0037,K019
PL_BULK_1060,B_BATCH0188,K004
PL_BULK_1061,B_BATCH0255,K022
PL_BULK_1062,B_BATCH0024,K006
PL_BULK_1063,B_BATCH0112,K017
PL_BULK_1064,B_BATCH0021,K013
PL_BULK_1065,B_BATCH0033,K015
PL_BULK_1066,B_BATCH0142,K025
PL_BULK_1067,B_BATCH0157,K011
PL_BULK_1068,B_BATCH0042,K018
PL_BULK_1069,B_BATCH0231,K001
PL_BULK_1070,B_BATCH0186,K007
PL_BULK_1071,B_BATCH0147,K019
PL_BULK_1072,B_BATCH0153,K024
PL_BULK_1073,B_BATCH0316,K008
PL_BULK_1074,B_BATCH0235,K012
PL_BULK_1075,B_BATCH0300,K016
PL_BULK_1076,B_BATCH0393,K025
PL_BULK_1077,B_BATCH0098,K024
PL_BULK_1078,B_BATCH0277,K025
PL_BULK_1079,B_BATCH0123,K005
PL_BULK_1080,B_BATCH0001,K014
PL_BULK_1081,B_BATCH0010,K008
PL_BULK_1082,B_BATCH0275,K012
PL_BULK_1083,B_BATCH0323,K023
PL_BULK_1084,B_BATCH0002,K011
PL_BULK_1085,B_VEG9182,K025
PL_BULK_1086,B_BATCH0334,K013
PL_BULK_1087,B_BATCH0375,K024
PL_BULK_1088,B_BATCH0155,K004
PL_BULK_1089,B_BATCH0103,K017
PL_BULK_1090,B_BATCH0119,K014
PL_BULK_1091,B_BATCH0249,K002
PL_BULK_1092,B_BATCH0070,K023
PL_BULK_1093,B_BATCH0141,K003
PL_BULK_1094,B_BATCH0020,K008
PL_BULK_1095,B_BATCH0264,K014
PL_BULK_1096,B_BATCH0356,K012
PL_BULK_1097,B_BATCH0232,K024
PL_BULK_1098,B_BATCH0041,K019
PL_BULK_1099,B_BATCH0046,K017
PL_BULK_1100,B_BATCH0066,K021
PL_BULK_1101,B_BATCH0199,K003
PL_BULK_1102,B_BATCH0301,K019
PL_BULK_1103,B_BATCH0029,K014
PL_BULK_1104,B_BATCH0337,K005
PL_BULK_1105,B_BATCH0119,K010
PL_BULK_1106,B_BATCH0131,K011
PL_BULK_1107,B_BATCH0199,K023
PL_BULK_1108,B_BATCH0374,K011
PL_BULK_1109,B_BATCH0160,K015
PL_BULK_1110,B_BATCH0137,K008
PL_BULK_1111,B_BATCH0036,K007
PL_BULK_1112,B_BATCH0067,K025
PL_BULK_1113,B_BATCH0392,K019
PL_BULK_1114,B_BATCH0053,K005
PL_BULK_1115,B_BATCH0052,K006
PL_BULK_1116,B_BATCH0228,K015
PL_BULK_1117,B_BATCH0158,K014
PL_BULK_1118,B_BATCH0059,K018
PL_BULK_1119,B_BATCH0181,K025
PL_BULK_1120,B_BATCH0104,K015
PL_BULK_1121,B_BATCH0155,K015
PL_BULK_1122,B_BATCH0133,K004
PL_BULK_1123,B_BATCH0044,K006
PL_BULK_1124,B_BATCH0349,K010
PL_BULK_1125,B_BATCH0358,K023
PL_BULK_1126,B_BATCH0306,K002
PL_BULK_1127,B_BATCH0108,K011
PL_BULK_1128,B_BATCH0073,K003
PL_BULK_1129,B_BATCH0362,K008
PL_BULK_1130,B_BATCH0180,K013
PL_BULK_1131,B_BATCH0260,K002
PL_BULK_1132,B_BATCH0344,K010
PL_BULK_1133,B_BATCH0131,K006
PL_BULK_1134,B_BATCH0013,K013
PL_BULK_1135,B_BATCH0229,K018
PL_BULK_1136,B_BATCH0381,K018
PL_BULK_1137,B_BATCH0125,K004
PL_BULK_1138,B_BATCH0234,K004
PL_BULK_1139,B_BATCH0069,K004
PL_BULK_1140,B_BATCH0004,K002
PL_BULK_1141,B_BATCH0111,K005
PL_BULK_1142,B_BATCH0099,K013
PL_BULK_1143,B_BATCH0188,K022
PL_BULK_1144,B_BATCH0320,K021
PL_BULK_1145,B_BATCH0041,K019
PL_BULK_1146,B_BATCH0298,K009
PL_BULK_1147,B_BATCH0036,K001
PL_BULK_1148,B_BATCH0031,K007
PL_BULK_1149,B_BATCH0328,K015
PL_BULK_1150,B_BATCH0063,K003
PL_BULK_1151,B_BATCH0167,K004
PL_BULK_1152,B_BATCH0019,K015
PL_BULK_1153,B_BATCH0023,K006
PL_BULK_1154,B_BATCH0291,K014
PL_BULK_1155,B_BATCH0368,K013
PL_BULK_1156,B_BATCH0252,K001
PL_BULK_1157,B_BATCH0193,K022
PL_BULK_1158,B_BATCH0216,K006
PL_BULK_1159,B_BATCH0179,K007
PL_BULK_1160,B_BATCH0093,K009
PL_BULK_1161,B_BATCH0141,K015
PL_BULK_1162,B_BATCH0074,K002
PL_BULK_1163,B_BATCH0312,K020
PL_BULK_1164,B_BATCH0313,K008
PL_BULK_1165,B_BATCH0329,K010
PL_BULK_1166,B_BATCH0253,K014
PL_BULK_1167,B_BATCH0279,K016
PL_BULK_1168,B_BATCH0029,K003
PL_BULK_1169,B_BATCH0141,K013
PL_BULK_1170,B_BATCH0068,K014
PL_BULK_1171,B_BATCH0100,K021
PL_BULK_1172,B_BATCH0267,K008
PL_BULK_1173,B_BATCH0320,K018
PL_BULK_1174,B_BATCH0007,K013
PL_BULK_1175,B_BATCH0363,K012
PL_BULK_1176,B_BATCH0243,K018
PL_BULK_1177,B_BATCH0246,K012
PL_BULK_1178,B_BATCH0287,K017
PL_BULK_1179,B_BATCH0162,K013
PL_BULK_1180,B_BATCH0136,K006
PL_BULK_1181,B_BATCH0011,K011
PL_BULK_1182,B_BATCH0303,K008
PL_BULK_1183,B_BATCH0013,K025
PL_BULK_1184,B_BATCH0141,K002
PL_BULK_1185,B_BATCH0239,K017
PL_BULK_1186,B_BATCH0181,K025
PL_BULK_1187,B_BATCH0297,K008
PL_BULK_1188,B_BATCH0079,K004
PL_BULK_1189,B_BATCH0124,K022
PL_BULK_1190,B_BATCH0121,K009
PL_BULK_1191,B_BATCH0271,K024
PL_BULK_1192,B_BATCH0026,K025
PL_BULK_1193,B_BATCH0110,K019
PL_BULK_1194,B_BATCH0196,K012
PL_BULK_1195,B_BATCH0086,K006
PL_BULK_1196,B_BATCH0119,K019
PL_BULK_1197,B_BATCH0160,K024
PL_BULK_1198,B_BATCH0355,K012
PL_BULK_1199,B_BATCH0300,K001
PL_BULK_1200,B_BATCH0358,K023
PL_BULK_1201,B_BATCH0178,K019
PL_BULK_1202,B_BATCH0286,K005
PL_BULK_1203,B_BATCH0286,K007
PL_BULK_1204,B_BATCH0250,K018
PL_BULK_1205,B_BATCH0156,K006
PL_BULK_1206,B_BATCH0249,K002
PL_BULK_1207,B_BATCH0044,K002
PL_BULK_1208,B_BATCH0117,K020
PL_BULK_1209,B_BATCH0110,K001
PL_BULK_1210,B_BATCH0267,K016
PL_BULK_1211,B_VEG9182,K011
PL_BULK_1212,B_BATCH0312,K007
PL_BULK_1213,B_BATCH0064,K011
PL_BULK_1214,B_BATCH0365,K006
PL_BULK_1215,B_BATCH0163,K002
PL_BULK_1216,B_BATCH0009,K005
PL_BULK_1217,B_BATCH0298,K023
PL_BULK_1218,B_BATCH0070,K025
PL_BULK_1219,B_BATCH0054,K017
PL_BULK_1220,B_BATCH0184,K003
PL_BULK_1221,B_BATCH0189,K023
PL_BULK_1222,B_BATCH0337,K013
PL_BULK_1223,B_BATCH0298,K004
PL_BULK_1224,B_BATCH0170,K010
PL_BULK_1225,B_BATCH0163,K005
PL_BULK_1226,B_BATCH0078,K024
PL_BULK_1227,B_BATCH0221,K021
PL_BULK_1228,B_BATCH0247,K021
PL_BULK_1229,B_BATCH0160,K006
PL_BULK_1230,B_BATCH0360,K018
PL_BULK_1231,B_BATCH0353,K020
PL_BULK_1232,B_BATCH0180,K008
PL_BULK_1233,B_BATCH0338,K019
PL_BULK_1234,B_BATCH0087,K013
PL_BULK_1235,B_BATCH0155,K024
PL_BULK_1236,B_BATCH0350,K010
PL_BULK_1237,B_BATCH0063,K006
PL_BULK_1238,B_BATCH0371,K001
PL_BULK_1239,B_BATCH0357,K019
PL_BULK_1240,B_BATCH0198,K025
PL_BULK_1241,B_BATCH0288,K002
PL_BULK_1242,B_BATCH0091,K020
PL_BULK_1243,B_BATCH0160,K020
PL_BULK_1244,B_BATCH0111,K021
PL_BULK_1245,B_BATCH0287,K004
PL_BULK_1246,B_BATCH0252,K005
PL_BULK_1247,B_BATCH0167,K024
PL_BULK_1248,B_BATCH0037,K008
PL_BULK_1249,B_BATCH0175,K011
PL_BULK_1250,B_BATCH0083,K021
PL_BULK_1251,B_BATCH0043,K023
PL_BULK_1252,B_BATCH0341,K021
PL_BULK_1253,B_BATCH0371,K011
PL_BULK_1254,B_BATCH0226,K001
PL_BULK_1255,B_BATCH0133,K007
PL_BULK_1256,B_BATCH0125,K023
PL_BULK_1257,B_BATCH0032,K012
PL_BULK_1258,B_BATCH0129,K004
PL_BULK_1259,B_BATCH0366,K001
PL_BULK_1260,B_BATCH0022,K013
PL_BULK_1261,B_BATCH0222,K024
PL_BULK_1262,B_BATCH0212,K006
PL_BULK_1263,B_BATCH0209,K016
PL_BULK_1264,B_BATCH0191,K012
PL_BULK_1265,B_BATCH0277,K013
PL_BULK_1266,B_BATCH0049,K016
PL_BULK_1267,B_BATCH0293,K021
PL_BULK_1268,B_BATCH0386,K022
PL_BULK_1269,B_BATCH0113,K006
PL_BULK_1270,B_BATCH0229,K003
PL_BULK_1271,B_BATCH0015,K010
PL_BULK_1272,B_BATCH0008,K011
PL_BULK_1273,B_BATCH0131,K004
PL_BULK_1274,B_BATCH0035,K011
PL_BULK_1275,B_BATCH0085,K013
PL_BULK_1276,B_BATCH0080,K024
PL_BULK_1277,B_BATCH0036,K018
PL_BULK_1278,B_BATCH0045,K011
PL_BULK_1279,B_BATCH0302,K020
PL_BULK_1280,B_BATCH0245,K023
PL_BULK_1281,B_BATCH0013,K014
PL_BULK_1282,B_BATCH0332,K006
PL_BULK_1283,B_BATCH0308,K014
PL_BULK_1284,B_BATCH0078,K002
PL_BULK_1285,B_BATCH0049,K011
PL_BULK_1286,B_BATCH0103,K007
PL_BULK_1287,B_BATCH0207,K023
PL_BULK_1288,B_BATCH0281,K024
PL_BULK_1289,B_BATCH0371,K018
PL_BULK_1290,B_BATCH0133,K022
PL_BULK_1291,B_BATCH0142,K010
PL_BULK_1292,B_BATCH0119,K004
PL_BULK_1293,B_BATCH0023,K013
PL_BULK_1294,B_BATCH0290,K018
PL_BULK_1295,B_BATCH0249,K005
PL_BULK_1296,B_BATCH0025,K012
PL_BULK_1297,B_MILK774,K014
PL_BULK_1298,B_BATCH0042,K010
PL_BULK_1299,B_BATCH0336,K021
PL_BULK_1300,B_BATCH0305,K016
PL_BULK_1301,B_BATCH0100,K004
PL_BULK_1302,B_BATCH0011,K007
PL_BULK_1303,B_BATCH0085,K021
PL_BULK_1304,B_BATCH0147,K003
PL_BULK_1305,B_BATCH0240,K004
PL_BULK_1306,B_BATCH0155,K013
PL_BULK_1307,B_BATCH0239,K016
PL_BULK_1308,B_BATCH0336,K009
PL_BULK_1309,B_BATCH0044,K021
PL_BULK_1310,B_BATCH0276,K013
PL_BULK_1311,B_BATCH0092,K012
PL_BULK_1312,B_BATCH0193,K012
PL_BULK_1313,B_BATCH0093,K015
PL_BULK_1314,B_BATCH0020,K009
PL_BULK_1315,B_BATCH0223,K015
PL_BULK_1316,B_BATCH0132,K008
PL_BULK_1317,B_BATCH0135,K019
PL_BULK_1318,B_BATCH0029,K005
PL_BULK_1319,B_BATCH0383,K023
PL_BULK_1320,B_BATCH0339,K004
PL_BULK_1321,B_BATCH0041,K022
PL_BULK_1322,B_BATCH0174,K018
PL_BULK_1323,B_BATCH0209,K025
PL_BULK_1324,B_BATCH0299,K008
PL_BULK_1325,B_BATCH0281,K002
PL_BULK_1326,B_BATCH0196,K017
PL_BULK_1327,B_BATCH0212,K018
PL_BULK_1328,B_BATCH0349,K016
PL_BULK_1329,B_BATCH0291,K008
PL_BULK_1330,B_BATCH0241,K010
PL_BULK_1331,B_BATCH0038,K013
PL_BULK_1332,B_BATCH0363,K002
PL_BULK_1333,B_BATCH0255,K019
PL_BULK_1334,B_BATCH0262,K019
PL_BULK_1335,B_BATCH0344,K020
PL_BULK_1336,B_BATCH0073,K004
PL_BULK_1337,B_BATCH0385,K015
PL_BULK_1338,B_BATCH0086,K006
PL_BULK_1339,B_BATCH0106,K007
PL_BULK_1340,B_BATCH0062,K002
PL_BULK_1341,B_BATCH0214,K003
PL_BULK_1342,B_BATCH0347,K014
PL_BULK_1343,B_BATCH0101,K021
PL_BULK_1344,B_BATCH0073,K020
PL_BULK_1345,B_BATCH0130,K011
PL_BULK_1346,B_BATCH0370,K003
PL_BULK_1347,B_BATCH0042,K013
PL_BULK_1348,B_BATCH0282,K013
PL_BULK_1349,B_BATCH0280,K011
PL_BULK_1350,B_BATCH0139,K017
PL_BULK_1351,B_BATCH0232,K001
PL_BULK_1352,B_BATCH0356,K020
PL_BULK_1353,B_BATCH0298,K017
PL_BULK_1354,B_BATCH0212,K004
PL_BULK_1355,B_BATCH0210,K005
PL_BULK_1356,B_BATCH0073,K019
PL_BULK_1357,B_BATCH0299,K019
PL_BULK_1358,B_BATCH0386,K004
PL_BULK_1359,B_BATCH0052,K019
PL_BULK_1360,B_BATCH0049,K010
PL_BULK_1361,B_BATCH0272,K012
PL_BULK_1362,B_BATCH0208,K009
PL_BULK_1363,B_BATCH0194,K021
PL_BULK_1364,B_BATCH0246,K019
PL_BULK_1365,B_BATCH0309,K016
PL_BULK_1366,B_BATCH0017,K006
PL_BULK_1367,B_BATCH0139,K013
PL_BULK_1368,B_BATCH0071,K020
PL_BULK_1369,B_BATCH0309,K022
PL_BULK_1370,B_BATCH0353,K013
PL_BULK_1371,B_BATCH0017,K013
PL_BULK_1372,B_BATCH0167,K023
PL_BULK_1373,B_BATCH0119,K002
PL_BULK_1374,B_BATCH0379,K016
PL_BULK_1375,B_BATCH0135,K012
PL_BULK_1376,B_BATCH0008,K011
PL_BULK_1377,B_BATCH0153,K010
PL_BULK_1378,B_BATCH0141,K016
PL_BULK_1379,B_BATCH0354,K022
PL_BULK_1380,B_BATCH0048,K008
PL_BULK_1381,B_BATCH0066,K010
PL_BULK_1382,B_BATCH0378,K015
PL_BULK_1383,B_BATCH0394,K011
PL_BULK_1384,B_BATCH0135,K024
PL_BULK_1385,B_BATCH0211,K020
PL_BULK_1386,B_BATCH0328,K003
PL_BULK_1387,B_BATCH0094,K015
PL_BULK_1388,B_BATCH0106,K014
PL_BULK_1389,B_BATCH0377,K016
PL_BULK_1390,B_BATCH0386,K017
PL_BULK_1391,B_BATCH0189,K002
PL_BULK_1392,B_BATCH0261,K006
PL_BULK_1393,B_BATCH0031,K010
PL_BULK_1394,B_BATCH0361,K017
PL_BULK_1395,B_BATCH0204,K005
PL_BULK_1396,B_BATCH0266,K019
PL_BULK_1397,B_BATCH0012,K006
PL_BULK_1398,B_BATCH0096,K007
PL_BULK_1399,B_BATCH0027,K008
PL_BULK_1400,B_BATCH0014,K015
PL_BULK_1401,B_BATCH0023,K012
PL_BULK_1402,B_BATCH0358,K007
PL_BULK_1403,B_BATCH0138,K012
PL_BULK_1404,B_BATCH0235,K017
PL_BULK_1405,B_BATCH0201,K021
PL_BULK_1406,B_BATCH0061,K022
PL_BULK_1407,B_BATCH0013,K008
PL_BULK_1408,B_BATCH0188,K016
PL_BULK_1409,B_BATCH0302,K015
PL_BULK_1410,B_BATCH0088,K016
PL_BULK_1411,B_BATCH0298,K018
PL_BULK_1412,B_BATCH0177,K012
PL_BULK_1413,B_BATCH0081,K009
PL_BULK_1414,B_BATCH0381,K023
PL_BULK_1415,B_BATCH0044,K010
PL_BULK_1416,B_BATCH0012,K013
PL_BULK_1417,B_BATCH0023,K006
PL_BULK_1418,B_BATCH0290,K025
PL_BULK_1419,B_BATCH0107,K008
PL_BULK_1420,B_BATCH0329,K008
PL_BULK_1421,B_BATCH0344,K007
PL_BULK_1422,B_BATCH0135,K021
PL_BULK_1423,B_BATCH0207,K017
PL_BULK_1424,B_BATCH0008,K025
PL_BULK_1425,B_BATCH0390,K022
PL_BULK_1426,B_BATCH0002,K016
PL_BULK_1427,B_BATCH0065,K021
PL_BULK_1428,B_BATCH0086,K020
PL_BULK_1429,B_BATCH0002,K008
PL_BULK_1430,B_BATCH0127,K020
PL_BULK_1431,B_BATCH0154,K023
PL_BULK_1432,B_BATCH0361,K021
PL_BULK_1433,B_BATCH0138,K014
PL_BULK_1434,B_BATCH0190,K012
PL_BULK_1435,B_BATCH0233,K009
PL_BULK_1436,B_BATCH0109,K015
PL_BULK_1437,B_BATCH0152,K022
PL_BULK_1438,B_BATCH0264,K020
PL_BULK_1439,B_BATCH0201,K019
PL_BULK_1440,B_BATCH0050,K001
PL_BULK_1441,B_BATCH0259,K022
PL_BULK_1442,B_BATCH0189,K018
PL_BULK_1443,B_BATCH0329,K020
PL_BULK_1444,B_BATCH0309,K010
PL_BULK_1445,B_BATCH0150,K022
PL_BULK_1446,B_BATCH0053,K016
PL_BULK_1447,B_BATCH0030,K011
PL_BULK_1448,B_BATCH0139,K021
PL_BULK_1449,B_BATCH0164,K009
PL_BULK_1450,B_BATCH0131,K021
PL_BULK_1451,B_BATCH0362,K021
PL_BULK_1452,B_BATCH0150,K007
PL_BULK_1453,B_BATCH0074,K017
PL_BULK_1454,B_BATCH0389,K008
PL_BULK_1455,B_BATCH0027,K020
PL_BULK_1456,B_BATCH0204,K022
PL_BULK_1457,B_BATCH0161,K022
PL_BULK_1458,B_BATCH0069,K024
PL_BULK_1459,B_BATCH0011,K021
PL_BULK_1460,B_BATCH0252,K010
PL_BULK_1461,B_BATCH0130,K014
PL_BULK_1462,B_BATCH0205,K013
PL_BULK_1463,B_BATCH0375,K002
PL_BULK_1464,B_BATCH0296,K023
PL_BULK_1465,B_BATCH0290,K007
PL_BULK_1466,B_BATCH0173,K024
PL_BULK_1467,B_BATCH0363,K008
PL_BULK_1468,B_BATCH0349,K018
PL_BULK_1469,B_BATCH0324,K016
